"method","dataset","session","condition","alpha1_strength","events","K","M","T","empirical_nu_base","mean_events_per_actor_mark_per_sec","ring_size","hub_actor","true_ring","n_injected_events","hawkes_sampler_used","seed","heldout_frac","heldout_split_t","train_events","test_events","heldout_loglik","heldout_nll_per_event","heldout_metric_type","field_auc","precision","recall","f1","hub_correct","loglik_final","active_mean","b2_lambda0","b2_lambda1","b2_p00","b2_p11"
"B1_static_gates","binance_vision","ftx_k20_q99_minutes_nov06_1200_quiet_anchor","real_crypto_window_sweep","","2626","20","2","119.78060000000005","0.5480854161692292","0.5480854161692292","4","0","[0, 1, 2, 3]","0","False","1","0.2","95.82448000000005","2212","414","-671.3622269151075","1.6216478910992935","single_regime_static_marked_hawkes_loglik_from_static_gates","","","","","","-2837.4509344769976","","","","",""
"B2_modular_hmm_hawkes","binance_vision","ftx_k20_q99_minutes_nov06_1200_quiet_anchor","real_crypto_window_sweep","","2626","20","2","119.78060000000005","0.5480854161692292","0.5480854161692292","4","0","[0, 1, 2, 3]","0","False","1","0.2","95.82448000000005","2212","414","-74.39873319810083","0.17970708501956723","modular_hmm_interval_count_loglik_segmentation_stage","","","","","","","0.6576779916052903","36.3235294117647","69.78571428571429","0.75","0.4666666666666667"
"B3_static_svd","binance_vision","ftx_k20_q99_minutes_nov06_1200_quiet_anchor","real_crypto_window_sweep","","2626","20","2","119.78060000000005","0.5480854161692292","0.5480854161692292","4","0","[0, 1, 2, 3]","0","False","1","0.2","95.82448000000005","2212","414","-752.5600946568719","1.817778006417565","single_regime_full_matrix_marked_hawkes_loglik_before_svd_selection","","","","","","","","","","",""
"Proposed","binance_vision","ftx_k20_q99_minutes_nov06_1200_quiet_anchor","real_crypto_window_sweep","","2626","20","2","119.78060000000005","0.5480854161692292","0.5480854161692292","4","0","[0, 1, 2, 3]","0","False","1","0.2","95.82448000000005","2212","414","-671.0441813279872","1.6208796650434474","latent_ctmc_marginal_interval_loglik","","","","","","-2803.739102599114","0.4037450590007154",,,,
"B1_static_gates","binance_vision","ftx_k20_q99_minutes_nov06_1200_quiet_anchor","real_crypto_window_sweep","","2626","20","2","119.78060000000005","0.5480854161692292","0.5480854161692292","4","0","[0, 1, 2, 3]","0","False","2","0.2","95.82448000000005","2212","414","-669.49067620194","1.6171272372027536","single_regime_static_marked_hawkes_loglik_from_static_gates","","","","","","-2837.762291959819","","","","",""
"B2_modular_hmm_hawkes","binance_vision","ftx_k20_q99_minutes_nov06_1200_quiet_anchor","real_crypto_window_sweep","","2626","20","2","119.78060000000005","0.5480854161692292","0.5480854161692292","4","0","[0, 1, 2, 3]","0","False","2","0.2","95.82448000000005","2212","414","-74.39873319810083","0.17970708501956723","modular_hmm_interval_count_loglik_segmentation_stage","","","","","","","0.6576779916052903","36.3235294117647","69.78571428571429","0.75","0.4666666666666667"
"B3_static_svd","binance_vision","ftx_k20_q99_minutes_nov06_1200_quiet_anchor","real_crypto_window_sweep","","2626","20","2","119.78060000000005","0.5480854161692292","0.5480854161692292","4","0","[0, 1, 2, 3]","0","False","2","0.2","95.82448000000005","2212","414","-752.5600946568719","1.817778006417565","single_regime_full_matrix_marked_hawkes_loglik_before_svd_selection","","","","","","","","","","",""
"Proposed","binance_vision","ftx_k20_q99_minutes_nov06_1200_quiet_anchor","real_crypto_window_sweep","","2626","20","2","119.78060000000005","0.5480854161692292","0.5480854161692292","4","0","[0, 1, 2, 3]","0","False","2","0.2","95.82448000000005","2212","414","-668.9657913128979","1.6158593993065167","latent_ctmc_marginal_interval_loglik","","","","","","-2800.6575132717544","0.44090350858057614",,,,
"B1_static_gates","binance_vision","ftx_k20_q99_minutes_nov06_1200_quiet_anchor","real_crypto_window_sweep","","2626","20","2","119.78060000000005","0.5480854161692292","0.5480854161692292","4","0","[0, 1, 2, 3]","0","False","3","0.2","95.82448000000005","2212","414","-671.7041545502703","1.6224738032615227","single_regime_static_marked_hawkes_loglik_from_static_gates","","","","","","-2841.2626115461635","","","","",""
"B2_modular_hmm_hawkes","binance_vision","ftx_k20_q99_minutes_nov06_1200_quiet_anchor","real_crypto_window_sweep","","2626","20","2","119.78060000000005","0.5480854161692292","0.5480854161692292","4","0","[0, 1, 2, 3]","0","False","3","0.2","95.82448000000005","2212","414","-74.39873319810083","0.17970708501956723","modular_hmm_interval_count_loglik_segmentation_stage","","","","","","","0.6576779916052903","36.3235294117647","69.78571428571429","0.75","0.4666666666666667"
"B3_static_svd","binance_vision","ftx_k20_q99_minutes_nov06_1200_quiet_anchor","real_crypto_window_sweep","","2626","20","2","119.78060000000005","0.5480854161692292","0.5480854161692292","4","0","[0, 1, 2, 3]","0","False","3","0.2","95.82448000000005","2212","414","-752.5600946568719","1.817778006417565","single_regime_full_matrix_marked_hawkes_loglik_before_svd_selection","","","","","","","","","","",""
"Proposed","binance_vision","ftx_k20_q99_minutes_nov06_1200_quiet_anchor","real_crypto_window_sweep","","2626","20","2","119.78060000000005","0.5480854161692292","0.5480854161692292","4","0","[0, 1, 2, 3]","0","False","3","0.2","95.82448000000005","2212","414","-671.560512525161","1.622126841848215","latent_ctmc_marginal_interval_loglik","","","","","","-2808.945543079322","0.44261950323089244",,,,
"B1_static_gates","binance_vision","ftx_k20_q99_minutes_nov06_1200_quiet_anchor","real_crypto_window_sweep","","2626","20","2","119.78060000000005","0.5480854161692292","0.5480854161692292","4","0","[0, 1, 2, 3]","0","False","4","0.2","95.82448000000005","2212","414","-671.3727094451027","1.621673211220055","single_regime_static_marked_hawkes_loglik_from_static_gates","","","","","","-2841.7796201541787","","","","",""
"B2_modular_hmm_hawkes","binance_vision","ftx_k20_q99_minutes_nov06_1200_quiet_anchor","real_crypto_window_sweep","","2626","20","2","119.78060000000005","0.5480854161692292","0.5480854161692292","4","0","[0, 1, 2, 3]","0","False","4","0.2","95.82448000000005","2212","414","-74.39873319810083","0.17970708501956723","modular_hmm_interval_count_loglik_segmentation_stage","","","","","","","0.6576779916052903","36.3235294117647","69.78571428571429","0.75","0.4666666666666667"
"B3_static_svd","binance_vision","ftx_k20_q99_minutes_nov06_1200_quiet_anchor","real_crypto_window_sweep","","2626","20","2","119.78060000000005","0.5480854161692292","0.5480854161692292","4","0","[0, 1, 2, 3]","0","False","4","0.2","95.82448000000005","2212","414","-752.5600946568719","1.817778006417565","single_regime_full_matrix_marked_hawkes_loglik_before_svd_selection","","","","","","","","","","",""
"Proposed","binance_vision","ftx_k20_q99_minutes_nov06_1200_quiet_anchor","real_crypto_window_sweep","","2626","20","2","119.78060000000005","0.5480854161692292","0.5480854161692292","4","0","[0, 1, 2, 3]","0","False","4","0.2","95.82448000000005","2212","414","-671.0506870683059","1.6208953793920433","latent_ctmc_marginal_interval_loglik","","","","","","-2807.8359051146695","0.44015332065088586",,,,
"B1_static_gates","binance_vision","ftx_k20_q99_minutes_nov06_1200_quiet_anchor","real_crypto_window_sweep","","2626","20","2","119.78060000000005","0.5480854161692292","0.5480854161692292","4","0","[0, 1, 2, 3]","0","False","5","0.2","95.82448000000005","2212","414","-668.9818799613062","1.6158982607761019","single_regime_static_marked_hawkes_loglik_from_static_gates","","","","","","-2836.052563798544","","","","",""
"B2_modular_hmm_hawkes","binance_vision","ftx_k20_q99_minutes_nov06_1200_quiet_anchor","real_crypto_window_sweep","","2626","20","2","119.78060000000005","0.5480854161692292","0.5480854161692292","4","0","[0, 1, 2, 3]","0","False","5","0.2","95.82448000000005","2212","414","-74.39873319810083","0.17970708501956723","modular_hmm_interval_count_loglik_segmentation_stage","","","","","","","0.6576779916052903","36.3235294117647","69.78571428571429","0.75","0.4666666666666667"
"B3_static_svd","binance_vision","ftx_k20_q99_minutes_nov06_1200_quiet_anchor","real_crypto_window_sweep","","2626","20","2","119.78060000000005","0.5480854161692292","0.5480854161692292","4","0","[0, 1, 2, 3]","0","False","5","0.2","95.82448000000005","2212","414","-752.5600946568719","1.817778006417565","single_regime_full_matrix_marked_hawkes_loglik_before_svd_selection","","","","","","","","","","",""
"Proposed","binance_vision","ftx_k20_q99_minutes_nov06_1200_quiet_anchor","real_crypto_window_sweep","","2626","20","2","119.78060000000005","0.5480854161692292","0.5480854161692292","4","0","[0, 1, 2, 3]","0","False","5","0.2","95.82448000000005","2212","414","-668.8675214201556","1.6156220324158348","latent_ctmc_marginal_interval_loglik","","","","","","-2808.904734686772","0.40301168615087013",,,,
"B1_static_gates","binance_vision","ftx_k20_q99_minutes_nov06_1200_quiet_anchor","real_crypto_window_sweep","","2626","20","2","119.78060000000005","0.5480854161692292","0.5480854161692292","4","0","[0, 1, 2, 3]","0","False","6","0.2","95.82448000000005","2212","414","-670.8061715416007","1.6203047621777795","single_regime_static_marked_hawkes_loglik_from_static_gates","","","","","","-2838.9135611544143","","","","",""
"B2_modular_hmm_hawkes","binance_vision","ftx_k20_q99_minutes_nov06_1200_quiet_anchor","real_crypto_window_sweep","","2626","20","2","119.78060000000005","0.5480854161692292","0.5480854161692292","4","0","[0, 1, 2, 3]","0","False","6","0.2","95.82448000000005","2212","414","-74.39873319810083","0.17970708501956723","modular_hmm_interval_count_loglik_segmentation_stage","","","","","","","0.6576779916052903","36.3235294117647","69.78571428571429","0.75","0.4666666666666667"
"B3_static_svd","binance_vision","ftx_k20_q99_minutes_nov06_1200_quiet_anchor","real_crypto_window_sweep","","2626","20","2","119.78060000000005","0.5480854161692292","0.5480854161692292","4","0","[0, 1, 2, 3]","0","False","6","0.2","95.82448000000005","2212","414","-752.5600946568719","1.817778006417565","single_regime_full_matrix_marked_hawkes_loglik_before_svd_selection","","","","","","","","","","",""
"Proposed","binance_vision","ftx_k20_q99_minutes_nov06_1200_quiet_anchor","real_crypto_window_sweep","","2626","20","2","119.78060000000005","0.5480854161692292","0.5480854161692292","4","0","[0, 1, 2, 3]","0","False","6","0.2","95.82448000000005","2212","414","-670.5269584675021","1.6196303344625655","latent_ctmc_marginal_interval_loglik","","","","","","-2807.4955768250356","0.40536866804864696",,,,
"B1_static_gates","binance_vision","ftx_k20_q99_minutes_nov06_1200_quiet_anchor","real_crypto_window_sweep","","2626","20","2","119.78060000000005","0.5480854161692292","0.5480854161692292","4","0","[0, 1, 2, 3]","0","False","7","0.2","95.82448000000005","2212","414","-669.9399929541455","1.6182125433675012","single_regime_static_marked_hawkes_loglik_from_static_gates","","","","","","-2840.1089058520242","","","","",""
"B2_modular_hmm_hawkes","binance_vision","ftx_k20_q99_minutes_nov06_1200_quiet_anchor","real_crypto_window_sweep","","2626","20","2","119.78060000000005","0.5480854161692292","0.5480854161692292","4","0","[0, 1, 2, 3]","0","False","7","0.2","95.82448000000005","2212","414","-74.39873319810083","0.17970708501956723","modular_hmm_interval_count_loglik_segmentation_stage","","","","","","","0.6576779916052903","36.3235294117647","69.78571428571429","0.75","0.4666666666666667"
"B3_static_svd","binance_vision","ftx_k20_q99_minutes_nov06_1200_quiet_anchor","real_crypto_window_sweep","","2626","20","2","119.78060000000005","0.5480854161692292","0.5480854161692292","4","0","[0, 1, 2, 3]","0","False","7","0.2","95.82448000000005","2212","414","-752.5600946568719","1.817778006417565","single_regime_full_matrix_marked_hawkes_loglik_before_svd_selection","","","","","","","","","","",""
"Proposed","binance_vision","ftx_k20_q99_minutes_nov06_1200_quiet_anchor","real_crypto_window_sweep","","2626","20","2","119.78060000000005","0.5480854161692292","0.5480854161692292","4","0","[0, 1, 2, 3]","0","False","7","0.2","95.82448000000005","2212","414","-668.815784838673","1.6154970648277127","latent_ctmc_marginal_interval_loglik","","","","","","-2802.8106002905674","0.42678940215553185",,,,
"B1_static_gates","binance_vision","ftx_k20_q99_minutes_nov07_0000_early","real_crypto_window_sweep","","7053","20","2","119.98278333333316","1.4695858447468944","1.4695858447468944","4","0","[0, 1, 2, 3]","0","False","1","0.2","95.98622666666654","5581","1472","-369.0950978639168","0.25074395235320435","single_regime_static_marked_hawkes_loglik_from_static_gates","","","","","","-1626.0772685101774","","","","",""
"B2_modular_hmm_hawkes","binance_vision","ftx_k20_q99_minutes_nov07_0000_early","real_crypto_window_sweep","","7053","20","2","119.98278333333316","1.4695858447468944","1.4695858447468944","4","0","[0, 1, 2, 3]","0","False","1","0.2","95.98622666666654","5581","1472","-108.8935124971841","0.07397657098993485","modular_hmm_interval_count_loglik_segmentation_stage","","","","","","","0.6572032618544247","94.58333333333333","181.33333333333334","0.8108108108108109","0.42857142857142855"
"B3_static_svd","binance_vision","ftx_k20_q99_minutes_nov07_0000_early","real_crypto_window_sweep","","7053","20","2","119.98278333333316","1.4695858447468944","1.4695858447468944","4","0","[0, 1, 2, 3]","0","False","1","0.2","95.98622666666654","5581","1472","-915.8204864304955","0.6221606565424562","single_regime_full_matrix_marked_hawkes_loglik_before_svd_selection","","","","","","","","","","",""
"Proposed","binance_vision","ftx_k20_q99_minutes_nov07_0000_early","real_crypto_window_sweep","","7053","20","2","119.98278333333316","1.4695858447468944","1.4695858447468944","4","0","[0, 1, 2, 3]","0","False","1","0.2","95.98622666666654","5581","1472","-358.1858889211622","0.24333280497361562","latent_ctmc_marginal_interval_loglik","","","","","","-1587.9422968676558","0.5678798687912183",,,,
"B1_static_gates","binance_vision","ftx_k20_q99_minutes_nov07_0000_early","real_crypto_window_sweep","","7053","20","2","119.98278333333316","1.4695858447468944","1.4695858447468944","4","0","[0, 1, 2, 3]","0","False","2","0.2","95.98622666666654","5581","1472","-365.98847703525394","0.24863347624677576","single_regime_static_marked_hawkes_loglik_from_static_gates","","","","","","-1636.4196785075171","","","","",""
"B2_modular_hmm_hawkes","binance_vision","ftx_k20_q99_minutes_nov07_0000_early","real_crypto_window_sweep","","7053","20","2","119.98278333333316","1.4695858447468944","1.4695858447468944","4","0","[0, 1, 2, 3]","0","False","2","0.2","95.98622666666654","5581","1472","-108.8935124971841","0.07397657098993485","modular_hmm_interval_count_loglik_segmentation_stage","","","","","","","0.6572032618544247","94.58333333333333","181.33333333333334","0.8108108108108109","0.42857142857142855"
"B3_static_svd","binance_vision","ftx_k20_q99_minutes_nov07_0000_early","real_crypto_window_sweep","","7053","20","2","119.98278333333316","1.4695858447468944","1.4695858447468944","4","0","[0, 1, 2, 3]","0","False","2","0.2","95.98622666666654","5581","1472","-915.8204864304955","0.6221606565424562","single_regime_full_matrix_marked_hawkes_loglik_before_svd_selection","","","","","","","","","","",""
"Proposed","binance_vision","ftx_k20_q99_minutes_nov07_0000_early","real_crypto_window_sweep","","7053","20","2","119.98278333333316","1.4695858447468944","1.4695858447468944","4","0","[0, 1, 2, 3]","0","False","2","0.2","95.98622666666654","5581","1472","-356.80714701306977","0.24239615965561806","latent_ctmc_marginal_interval_loglik","","","","","","-1590.17822600685","0.5670089880381942",,,,
"B1_static_gates","binance_vision","ftx_k20_q99_minutes_nov07_0000_early","real_crypto_window_sweep","","7053","20","2","119.98278333333316","1.4695858447468944","1.4695858447468944","4","0","[0, 1, 2, 3]","0","False","3","0.2","95.98622666666654","5581","1472","-375.3993381657941","0.25502672429741446","single_regime_static_marked_hawkes_loglik_from_static_gates","","","","","","-1626.625581632032","","","","",""
"B2_modular_hmm_hawkes","binance_vision","ftx_k20_q99_minutes_nov07_0000_early","real_crypto_window_sweep","","7053","20","2","119.98278333333316","1.4695858447468944","1.4695858447468944","4","0","[0, 1, 2, 3]","0","False","3","0.2","95.98622666666654","5581","1472","-108.8935124971841","0.07397657098993485","modular_hmm_interval_count_loglik_segmentation_stage","","","","","","","0.6572032618544247","94.58333333333333","181.33333333333334","0.8108108108108109","0.42857142857142855"
"B3_static_svd","binance_vision","ftx_k20_q99_minutes_nov07_0000_early","real_crypto_window_sweep","","7053","20","2","119.98278333333316","1.4695858447468944","1.4695858447468944","4","0","[0, 1, 2, 3]","0","False","3","0.2","95.98622666666654","5581","1472","-915.8204864304955","0.6221606565424562","single_regime_full_matrix_marked_hawkes_loglik_before_svd_selection","","","","","","","","","","",""
"Proposed","binance_vision","ftx_k20_q99_minutes_nov07_0000_early","real_crypto_window_sweep","","7053","20","2","119.98278333333316","1.4695858447468944","1.4695858447468944","4","0","[0, 1, 2, 3]","0","False","3","0.2","95.98622666666654","5581","1472","-357.8228408010736","0.24308616902246846","latent_ctmc_marginal_interval_loglik","","","","","","-1587.7869642841101","0.5650593057014249",,,,
"B1_static_gates","binance_vision","ftx_k20_q99_minutes_nov07_0000_early","real_crypto_window_sweep","","7053","20","2","119.98278333333316","1.4695858447468944","1.4695858447468944","4","0","[0, 1, 2, 3]","0","False","4","0.2","95.98622666666654","5581","1472","-369.46136512810716","0.25099277522289887","single_regime_static_marked_hawkes_loglik_from_static_gates","","","","","","-1637.404783127704","","","","",""
"B2_modular_hmm_hawkes","binance_vision","ftx_k20_q99_minutes_nov07_0000_early","real_crypto_window_sweep","","7053","20","2","119.98278333333316","1.4695858447468944","1.4695858447468944","4","0","[0, 1, 2, 3]","0","False","4","0.2","95.98622666666654","5581","1472","-108.8935124971841","0.07397657098993485","modular_hmm_interval_count_loglik_segmentation_stage","","","","","","","0.6572032618544247","94.58333333333333","181.33333333333334","0.8108108108108109","0.42857142857142855"
"B3_static_svd","binance_vision","ftx_k20_q99_minutes_nov07_0000_early","real_crypto_window_sweep","","7053","20","2","119.98278333333316","1.4695858447468944","1.4695858447468944","4","0","[0, 1, 2, 3]","0","False","4","0.2","95.98622666666654","5581","1472","-915.8204864304955","0.6221606565424562","single_regime_full_matrix_marked_hawkes_loglik_before_svd_selection","","","","","","","","","","",""
"Proposed","binance_vision","ftx_k20_q99_minutes_nov07_0000_early","real_crypto_window_sweep","","7053","20","2","119.98278333333316","1.4695858447468944","1.4695858447468944","4","0","[0, 1, 2, 3]","0","False","4","0.2","95.98622666666654","5581","1472","-356.2333621174152","0.24200636013411359","latent_ctmc_marginal_interval_loglik","","","","","","-1590.2656849461503","0.5540502398281015",,,,
"B1_static_gates","binance_vision","ftx_k20_q99_minutes_nov07_0000_early","real_crypto_window_sweep","","7053","20","2","119.98278333333316","1.4695858447468944","1.4695858447468944","4","0","[0, 1, 2, 3]","0","False","5","0.2","95.98622666666654","5581","1472","-373.5441979335186","0.25376643881353167","single_regime_static_marked_hawkes_loglik_from_static_gates","","","","","","-1632.0658998087602","","","","",""
"B2_modular_hmm_hawkes","binance_vision","ftx_k20_q99_minutes_nov07_0000_early","real_crypto_window_sweep","","7053","20","2","119.98278333333316","1.4695858447468944","1.4695858447468944","4","0","[0, 1, 2, 3]","0","False","5","0.2","95.98622666666654","5581","1472","-108.8935124971841","0.07397657098993485","modular_hmm_interval_count_loglik_segmentation_stage","","","","","","","0.6572032618544247","94.58333333333333","181.33333333333334","0.8108108108108109","0.42857142857142855"
"B3_static_svd","binance_vision","ftx_k20_q99_minutes_nov07_0000_early","real_crypto_window_sweep","","7053","20","2","119.98278333333316","1.4695858447468944","1.4695858447468944","4","0","[0, 1, 2, 3]","0","False","5","0.2","95.98622666666654","5581","1472","-915.8204864304955","0.6221606565424562","single_regime_full_matrix_marked_hawkes_loglik_before_svd_selection","","","","","","","","","","",""
"Proposed","binance_vision","ftx_k20_q99_minutes_nov07_0000_early","real_crypto_window_sweep","","7053","20","2","119.98278333333316","1.4695858447468944","1.4695858447468944","4","0","[0, 1, 2, 3]","0","False","5","0.2","95.98622666666654","5581","1472","-357.8069613755928","0.24307538136928858","latent_ctmc_marginal_interval_loglik","","","","","","-1588.5683747092055","0.5629399250899757",,,,
"B1_static_gates","binance_vision","ftx_k20_q99_minutes_nov07_0000_early","real_crypto_window_sweep","","7053","20","2","119.98278333333316","1.4695858447468944","1.4695858447468944","4","0","[0, 1, 2, 3]","0","False","6","0.2","95.98622666666654","5581","1472","-364.84567207154566","0.24785711417903916","single_regime_static_marked_hawkes_loglik_from_static_gates","","","","","","-1631.6407886699567","","","","",""
"B2_modular_hmm_hawkes","binance_vision","ftx_k20_q99_minutes_nov07_0000_early","real_crypto_window_sweep","","7053","20","2","119.98278333333316","1.4695858447468944","1.4695858447468944","4","0","[0, 1, 2, 3]","0","False","6","0.2","95.98622666666654","5581","1472","-108.8935124971841","0.07397657098993485","modular_hmm_interval_count_loglik_segmentation_stage","","","","","","","0.6572032618544247","94.58333333333333","181.33333333333334","0.8108108108108109","0.42857142857142855"
"B3_static_svd","binance_vision","ftx_k20_q99_minutes_nov07_0000_early","real_crypto_window_sweep","","7053","20","2","119.98278333333316","1.4695858447468944","1.4695858447468944","4","0","[0, 1, 2, 3]","0","False","6","0.2","95.98622666666654","5581","1472","-915.8204864304955","0.6221606565424562","single_regime_full_matrix_marked_hawkes_loglik_before_svd_selection","","","","","","","","","","",""
"Proposed","binance_vision","ftx_k20_q99_minutes_nov07_0000_early","real_crypto_window_sweep","","7053","20","2","119.98278333333316","1.4695858447468944","1.4695858447468944","4","0","[0, 1, 2, 3]","0","False","6","0.2","95.98622666666654","5581","1472","-358.398382826276","0.24347716224611143","latent_ctmc_marginal_interval_loglik","","","","","","-1588.329614057038","0.5623555629935847",,,,
"B1_static_gates","binance_vision","ftx_k20_q99_minutes_nov07_0000_early","real_crypto_window_sweep","","7053","20","2","119.98278333333316","1.4695858447468944","1.4695858447468944","4","0","[0, 1, 2, 3]","0","False","7","0.2","95.98622666666654","5581","1472","-367.01597479847953","0.2493315046185323","single_regime_static_marked_hawkes_loglik_from_static_gates","","","","","","-1637.4538323046272","","","","",""
"B2_modular_hmm_hawkes","binance_vision","ftx_k20_q99_minutes_nov07_0000_early","real_crypto_window_sweep","","7053","20","2","119.98278333333316","1.4695858447468944","1.4695858447468944","4","0","[0, 1, 2, 3]","0","False","7","0.2","95.98622666666654","5581","1472","-108.8935124971841","0.07397657098993485","modular_hmm_interval_count_loglik_segmentation_stage","","","","","","","0.6572032618544247","94.58333333333333","181.33333333333334","0.8108108108108109","0.42857142857142855"
"B3_static_svd","binance_vision","ftx_k20_q99_minutes_nov07_0000_early","real_crypto_window_sweep","","7053","20","2","119.98278333333316","1.4695858447468944","1.4695858447468944","4","0","[0, 1, 2, 3]","0","False","7","0.2","95.98622666666654","5581","1472","-915.8204864304955","0.6221606565424562","single_regime_full_matrix_marked_hawkes_loglik_before_svd_selection","","","","","","","","","","",""
"Proposed","binance_vision","ftx_k20_q99_minutes_nov07_0000_early","real_crypto_window_sweep","","7053","20","2","119.98278333333316","1.4695858447468944","1.4695858447468944","4","0","[0, 1, 2, 3]","0","False","7","0.2","95.98622666666654","5581","1472","-357.8633887553676","0.2431137151870704","latent_ctmc_marginal_interval_loglik","","","","","","-1589.7109633609368","0.5588510127222577",,,,
"B1_static_gates","binance_vision","ftx_k20_q99_minutes_nov07_1200_pre_collapse","real_crypto_window_sweep","","6258","20","2","119.96333333333313","1.3041484898163351","1.3041484898163351","4","0","[0, 1, 2, 3]","0","False","1","0.2","95.9706666666665","5388","870","-924.6966498327062","1.0628697124513864","single_regime_static_marked_hawkes_loglik_from_static_gates","","","","","","-1534.60554092731","","","","",""
"B2_modular_hmm_hawkes","binance_vision","ftx_k20_q99_minutes_nov07_1200_pre_collapse","real_crypto_window_sweep","","6258","20","2","119.96333333333313","1.3041484898163351","1.3041484898163351","4","0","[0, 1, 2, 3]","0","False","1","0.2","95.9706666666665","5388","870","-108.23790734394305","0.12441138775165868","modular_hmm_interval_count_loglik_segmentation_stage","","","","","","","0.7255653507090839","79.55555555555556","210.33333333333334","0.8108108108108109","0.5"
"B3_static_svd","binance_vision","ftx_k20_q99_minutes_nov07_1200_pre_collapse","real_crypto_window_sweep","","6258","20","2","119.96333333333313","1.3041484898163351","1.3041484898163351","4","0","[0, 1, 2, 3]","0","False","1","0.2","95.9706666666665","5388","870","-1133.0046705681214","1.3023042190438177","single_regime_full_matrix_marked_hawkes_loglik_before_svd_selection","","","","","","","","","","",""
"Proposed","binance_vision","ftx_k20_q99_minutes_nov07_1200_pre_collapse","real_crypto_window_sweep","","6258","20","2","119.96333333333313","1.3041484898163351","1.3041484898163351","4","0","[0, 1, 2, 3]","0","False","1","0.2","95.9706666666665","5388","870","-913.8506356822601","1.0504030295198392","latent_ctmc_marginal_interval_loglik","","","","","","-1367.2906713241719","0.35346097307997976",,,,
"B1_static_gates","binance_vision","ftx_k20_q99_minutes_nov07_1200_pre_collapse","real_crypto_window_sweep","","6258","20","2","119.96333333333313","1.3041484898163351","1.3041484898163351","4","0","[0, 1, 2, 3]","0","False","2","0.2","95.9706666666665","5388","870","-916.8860734682141","1.0538920384692116","single_regime_static_marked_hawkes_loglik_from_static_gates","","","","","","-1539.4919507832371","","","","",""
"B2_modular_hmm_hawkes","binance_vision","ftx_k20_q99_minutes_nov07_1200_pre_collapse","real_crypto_window_sweep","","6258","20","2","119.96333333333313","1.3041484898163351","1.3041484898163351","4","0","[0, 1, 2, 3]","0","False","2","0.2","95.9706666666665","5388","870","-108.23790734394305","0.12441138775165868","modular_hmm_interval_count_loglik_segmentation_stage","","","","","","","0.7255653507090839","79.55555555555556","210.33333333333334","0.8108108108108109","0.5"
"B3_static_svd","binance_vision","ftx_k20_q99_minutes_nov07_1200_pre_collapse","real_crypto_window_sweep","","6258","20","2","119.96333333333313","1.3041484898163351","1.3041484898163351","4","0","[0, 1, 2, 3]","0","False","2","0.2","95.9706666666665","5388","870","-1133.0046705681214","1.3023042190438177","single_regime_full_matrix_marked_hawkes_loglik_before_svd_selection","","","","","","","","","","",""
"Proposed","binance_vision","ftx_k20_q99_minutes_nov07_1200_pre_collapse","real_crypto_window_sweep","","6258","20","2","119.96333333333313","1.3041484898163351","1.3041484898163351","4","0","[0, 1, 2, 3]","0","False","2","0.2","95.9706666666665","5388","870","-907.094193549989","1.0426370040804471","latent_ctmc_marginal_interval_loglik","","","","","","-1385.6429156461384","0.42341528198358674",,,,
"B1_static_gates","binance_vision","ftx_k20_q99_minutes_nov07_1200_pre_collapse","real_crypto_window_sweep","","6258","20","2","119.96333333333313","1.3041484898163351","1.3041484898163351","4","0","[0, 1, 2, 3]","0","False","3","0.2","95.9706666666665","5388","870","-919.5856016221453","1.0569949443932705","single_regime_static_marked_hawkes_loglik_from_static_gates","","","","","","-1553.7285045057345","","","","",""
"B2_modular_hmm_hawkes","binance_vision","ftx_k20_q99_minutes_nov07_1200_pre_collapse","real_crypto_window_sweep","","6258","20","2","119.96333333333313","1.3041484898163351","1.3041484898163351","4","0","[0, 1, 2, 3]","0","False","3","0.2","95.9706666666665","5388","870","-108.23790734394305","0.12441138775165868","modular_hmm_interval_count_loglik_segmentation_stage","","","","","","","0.7255653507090839","79.55555555555556","210.33333333333334","0.8108108108108109","0.5"
"B3_static_svd","binance_vision","ftx_k20_q99_minutes_nov07_1200_pre_collapse","real_crypto_window_sweep","","6258","20","2","119.96333333333313","1.3041484898163351","1.3041484898163351","4","0","[0, 1, 2, 3]","0","False","3","0.2","95.9706666666665","5388","870","-1133.0046705681214","1.3023042190438177","single_regime_full_matrix_marked_hawkes_loglik_before_svd_selection","","","","","","","","","","",""
"Proposed","binance_vision","ftx_k20_q99_minutes_nov07_1200_pre_collapse","real_crypto_window_sweep","","6258","20","2","119.96333333333313","1.3041484898163351","1.3041484898163351","4","0","[0, 1, 2, 3]","0","False","3","0.2","95.9706666666665","5388","870","-912.7785382606261","1.0491707336329035","latent_ctmc_marginal_interval_loglik","","","","","","-1371.8018279334763","0.3570953441291693",,,,
"B1_static_gates","binance_vision","ftx_k20_q99_minutes_nov07_1200_pre_collapse","real_crypto_window_sweep","","6258","20","2","119.96333333333313","1.3041484898163351","1.3041484898163351","4","0","[0, 1, 2, 3]","0","False","4","0.2","95.9706666666665","5388","870","-922.6824465480257","1.0605545362620985","single_regime_static_marked_hawkes_loglik_from_static_gates","","","","","","-1552.0726324266857","","","","",""
"B2_modular_hmm_hawkes","binance_vision","ftx_k20_q99_minutes_nov07_1200_pre_collapse","real_crypto_window_sweep","","6258","20","2","119.96333333333313","1.3041484898163351","1.3041484898163351","4","0","[0, 1, 2, 3]","0","False","4","0.2","95.9706666666665","5388","870","-108.23790734394305","0.12441138775165868","modular_hmm_interval_count_loglik_segmentation_stage","","","","","","","0.7255653507090839","79.55555555555556","210.33333333333334","0.8108108108108109","0.5"
"B3_static_svd","binance_vision","ftx_k20_q99_minutes_nov07_1200_pre_collapse","real_crypto_window_sweep","","6258","20","2","119.96333333333313","1.3041484898163351","1.3041484898163351","4","0","[0, 1, 2, 3]","0","False","4","0.2","95.9706666666665","5388","870","-1133.0046705681214","1.3023042190438177","single_regime_full_matrix_marked_hawkes_loglik_before_svd_selection","","","","","","","","","","",""
"Proposed","binance_vision","ftx_k20_q99_minutes_nov07_1200_pre_collapse","real_crypto_window_sweep","","6258","20","2","119.96333333333313","1.3041484898163351","1.3041484898163351","4","0","[0, 1, 2, 3]","0","False","4","0.2","95.9706666666665","5388","870","-913.7984114526175","1.0503430016696753","latent_ctmc_marginal_interval_loglik","","","","","","-1372.994693633022","0.3567943311133483",,,,
"B1_static_gates","binance_vision","ftx_k20_q99_minutes_nov07_1200_pre_collapse","real_crypto_window_sweep","","6258","20","2","119.96333333333313","1.3041484898163351","1.3041484898163351","4","0","[0, 1, 2, 3]","0","False","5","0.2","95.9706666666665","5388","870","-923.8477899274326","1.061894011410842","single_regime_static_marked_hawkes_loglik_from_static_gates","","","","","","-1550.6507428442465","","","","",""
"B2_modular_hmm_hawkes","binance_vision","ftx_k20_q99_minutes_nov07_1200_pre_collapse","real_crypto_window_sweep","","6258","20","2","119.96333333333313","1.3041484898163351","1.3041484898163351","4","0","[0, 1, 2, 3]","0","False","5","0.2","95.9706666666665","5388","870","-108.23790734394305","0.12441138775165868","modular_hmm_interval_count_loglik_segmentation_stage","","","","","","","0.7255653507090839","79.55555555555556","210.33333333333334","0.8108108108108109","0.5"
"B3_static_svd","binance_vision","ftx_k20_q99_minutes_nov07_1200_pre_collapse","real_crypto_window_sweep","","6258","20","2","119.96333333333313","1.3041484898163351","1.3041484898163351","4","0","[0, 1, 2, 3]","0","False","5","0.2","95.9706666666665","5388","870","-1133.0046705681214","1.3023042190438177","single_regime_full_matrix_marked_hawkes_loglik_before_svd_selection","","","","","","","","","","",""
"Proposed","binance_vision","ftx_k20_q99_minutes_nov07_1200_pre_collapse","real_crypto_window_sweep","","6258","20","2","119.96333333333313","1.3041484898163351","1.3041484898163351","4","0","[0, 1, 2, 3]","0","False","5","0.2","95.9706666666665","5388","870","-913.4549100459801","1.0499481724666437","latent_ctmc_marginal_interval_loglik","","","","","","-1371.5498430757905","0.362124196929473",,,,
"B1_static_gates","binance_vision","ftx_k20_q99_minutes_nov07_1200_pre_collapse","real_crypto_window_sweep","","6258","20","2","119.96333333333313","1.3041484898163351","1.3041484898163351","4","0","[0, 1, 2, 3]","0","False","6","0.2","95.9706666666665","5388","870","-924.2607611320976","1.062368690956434","single_regime_static_marked_hawkes_loglik_from_static_gates","","","","","","-1541.1561198233767","","","","",""
"B2_modular_hmm_hawkes","binance_vision","ftx_k20_q99_minutes_nov07_1200_pre_collapse","real_crypto_window_sweep","","6258","20","2","119.96333333333313","1.3041484898163351","1.3041484898163351","4","0","[0, 1, 2, 3]","0","False","6","0.2","95.9706666666665","5388","870","-108.23790734394305","0.12441138775165868","modular_hmm_interval_count_loglik_segmentation_stage","","","","","","","0.7255653507090839","79.55555555555556","210.33333333333334","0.8108108108108109","0.5"
"B3_static_svd","binance_vision","ftx_k20_q99_minutes_nov07_1200_pre_collapse","real_crypto_window_sweep","","6258","20","2","119.96333333333313","1.3041484898163351","1.3041484898163351","4","0","[0, 1, 2, 3]","0","False","6","0.2","95.9706666666665","5388","870","-1133.0046705681214","1.3023042190438177","single_regime_full_matrix_marked_hawkes_loglik_before_svd_selection","","","","","","","","","","",""
"Proposed","binance_vision","ftx_k20_q99_minutes_nov07_1200_pre_collapse","real_crypto_window_sweep","","6258","20","2","119.96333333333313","1.3041484898163351","1.3041484898163351","4","0","[0, 1, 2, 3]","0","False","6","0.2","95.9706666666665","5388","870","-913.0780574799114","1.0495150085975993","latent_ctmc_marginal_interval_loglik","","","","","","-1370.7364500331385","0.3531824686077623",,,,
"B1_static_gates","binance_vision","ftx_k20_q99_minutes_nov07_1200_pre_collapse","real_crypto_window_sweep","","6258","20","2","119.96333333333313","1.3041484898163351","1.3041484898163351","4","0","[0, 1, 2, 3]","0","False","7","0.2","95.9706666666665","5388","870","-919.0677370944926","1.0563996978097616","single_regime_static_marked_hawkes_loglik_from_static_gates","","","","","","-1543.1188113747294","","","","",""
"B2_modular_hmm_hawkes","binance_vision","ftx_k20_q99_minutes_nov07_1200_pre_collapse","real_crypto_window_sweep","","6258","20","2","119.96333333333313","1.3041484898163351","1.3041484898163351","4","0","[0, 1, 2, 3]","0","False","7","0.2","95.9706666666665","5388","870","-108.23790734394305","0.12441138775165868","modular_hmm_interval_count_loglik_segmentation_stage","","","","","","","0.7255653507090839","79.55555555555556","210.33333333333334","0.8108108108108109","0.5"
"B3_static_svd","binance_vision","ftx_k20_q99_minutes_nov07_1200_pre_collapse","real_crypto_window_sweep","","6258","20","2","119.96333333333313","1.3041484898163351","1.3041484898163351","4","0","[0, 1, 2, 3]","0","False","7","0.2","95.9706666666665","5388","870","-1133.0046705681214","1.3023042190438177","single_regime_full_matrix_marked_hawkes_loglik_before_svd_selection","","","","","","","","","","",""
"Proposed","binance_vision","ftx_k20_q99_minutes_nov07_1200_pre_collapse","real_crypto_window_sweep","","6258","20","2","119.96333333333313","1.3041484898163351","1.3041484898163351","4","0","[0, 1, 2, 3]","0","False","7","0.2","95.9706666666665","5388","870","-912.5347945875857","1.0488905684914778","latent_ctmc_marginal_interval_loglik","","","","","","-1370.2165013221002","0.3587651978599149",,,,
"B1_static_gates","binance_vision","ftx_k20_q99_minutes_nov08_0000_market_stress","real_crypto_window_sweep","","9373","20","2","119.98881666666647","1.9528903318628754","1.9528903318628754","4","0","[0, 1, 2, 3]","0","False","1","0.2","95.99105333333318","8484","889","-1101.1545475500504","1.2386440354893706","single_regime_static_marked_hawkes_loglik_from_static_gates","","","","","","1329.6466715353508","","","","",""
"B2_modular_hmm_hawkes","binance_vision","ftx_k20_q99_minutes_nov08_0000_market_stress","real_crypto_window_sweep","","9373","20","2","119.98881666666647","1.9528903318628754","1.9528903318628754","4","0","[0, 1, 2, 3]","0","False","1","0.2","95.99105333333318","8484","889","-329.26109170762777","0.3703724316171291","modular_hmm_interval_count_loglik_segmentation_stage","","","","","","","0.6412955465587045","147.66666666666666","264.0","0.7837837837837838","0.35714285714285715"
"B3_static_svd","binance_vision","ftx_k20_q99_minutes_nov08_0000_market_stress","real_crypto_window_sweep","","9373","20","2","119.98881666666647","1.9528903318628754","1.9528903318628754","4","0","[0, 1, 2, 3]","0","False","1","0.2","95.99105333333318","8484","889","-1264.7459633721955","1.4226613761217048","single_regime_full_matrix_marked_hawkes_loglik_before_svd_selection","","","","","","","","","","",""
"Proposed","binance_vision","ftx_k20_q99_minutes_nov08_0000_market_stress","real_crypto_window_sweep","","9373","20","2","119.98881666666647","1.9528903318628754","1.9528903318628754","4","0","[0, 1, 2, 3]","0","False","1","0.2","95.99105333333318","8484","889","-1100.0540702900307","1.2374061533071212","latent_ctmc_marginal_interval_loglik","","","","","","1476.8498384048828","0.20184570210162742",,,,
"B1_static_gates","binance_vision","ftx_k20_q99_minutes_nov08_0000_market_stress","real_crypto_window_sweep","","9373","20","2","119.98881666666647","1.9528903318628754","1.9528903318628754","4","0","[0, 1, 2, 3]","0","False","2","0.2","95.99105333333318","8484","889","-1083.1248934249518","1.218363209701858","single_regime_static_marked_hawkes_loglik_from_static_gates","","","","","","1325.7729623268394","","","","",""
"B2_modular_hmm_hawkes","binance_vision","ftx_k20_q99_minutes_nov08_0000_market_stress","real_crypto_window_sweep","","9373","20","2","119.98881666666647","1.9528903318628754","1.9528903318628754","4","0","[0, 1, 2, 3]","0","False","2","0.2","95.99105333333318","8484","889","-329.26109170762777","0.3703724316171291","modular_hmm_interval_count_loglik_segmentation_stage","","","","","","","0.6412955465587045","147.66666666666666","264.0","0.7837837837837838","0.35714285714285715"
"B3_static_svd","binance_vision","ftx_k20_q99_minutes_nov08_0000_market_stress","real_crypto_window_sweep","","9373","20","2","119.98881666666647","1.9528903318628754","1.9528903318628754","4","0","[0, 1, 2, 3]","0","False","2","0.2","95.99105333333318","8484","889","-1264.7459633721955","1.4226613761217048","single_regime_full_matrix_marked_hawkes_loglik_before_svd_selection","","","","","","","","","","",""
"Proposed","binance_vision","ftx_k20_q99_minutes_nov08_0000_market_stress","real_crypto_window_sweep","","9373","20","2","119.98881666666647","1.9528903318628754","1.9528903318628754","4","0","[0, 1, 2, 3]","0","False","2","0.2","95.99105333333318","8484","889","-1081.8797643987657","1.2169626146217838","latent_ctmc_marginal_interval_loglik","","","","","","1475.6774169027603","0.1904238961779432",,,,
"B1_static_gates","binance_vision","ftx_k20_q99_minutes_nov08_0000_market_stress","real_crypto_window_sweep","","9373","20","2","119.98881666666647","1.9528903318628754","1.9528903318628754","4","0","[0, 1, 2, 3]","0","False","3","0.2","95.99105333333318","8484","889","-1117.7437466252795","1.257304551884454","single_regime_static_marked_hawkes_loglik_from_static_gates","","","","","","1330.0323085875216","","","","",""
"B2_modular_hmm_hawkes","binance_vision","ftx_k20_q99_minutes_nov08_0000_market_stress","real_crypto_window_sweep","","9373","20","2","119.98881666666647","1.9528903318628754","1.9528903318628754","4","0","[0, 1, 2, 3]","0","False","3","0.2","95.99105333333318","8484","889","-329.26109170762777","0.3703724316171291","modular_hmm_interval_count_loglik_segmentation_stage","","","","","","","0.6412955465587045","147.66666666666666","264.0","0.7837837837837838","0.35714285714285715"
"B3_static_svd","binance_vision","ftx_k20_q99_minutes_nov08_0000_market_stress","real_crypto_window_sweep","","9373","20","2","119.98881666666647","1.9528903318628754","1.9528903318628754","4","0","[0, 1, 2, 3]","0","False","3","0.2","95.99105333333318","8484","889","-1264.7459633721955","1.4226613761217048","single_regime_full_matrix_marked_hawkes_loglik_before_svd_selection","","","","","","","","","","",""
"Proposed","binance_vision","ftx_k20_q99_minutes_nov08_0000_market_stress","real_crypto_window_sweep","","9373","20","2","119.98881666666647","1.9528903318628754","1.9528903318628754","4","0","[0, 1, 2, 3]","0","False","3","0.2","95.99105333333318","8484","889","-1154.169068257593","1.2982779170501608","latent_ctmc_marginal_interval_loglik","","","","","","1467.8782908483427","0.20661269209820876",,,,
"B1_static_gates","binance_vision","ftx_k20_q99_minutes_nov08_0000_market_stress","real_crypto_window_sweep","","9373","20","2","119.98881666666647","1.9528903318628754","1.9528903318628754","4","0","[0, 1, 2, 3]","0","False","4","0.2","95.99105333333318","8484","889","-1112.380362916406","1.2512714993435388","single_regime_static_marked_hawkes_loglik_from_static_gates","","","","","","1332.0520652833823","","","","",""
"B2_modular_hmm_hawkes","binance_vision","ftx_k20_q99_minutes_nov08_0000_market_stress","real_crypto_window_sweep","","9373","20","2","119.98881666666647","1.9528903318628754","1.9528903318628754","4","0","[0, 1, 2, 3]","0","False","4","0.2","95.99105333333318","8484","889","-329.26109170762777","0.3703724316171291","modular_hmm_interval_count_loglik_segmentation_stage","","","","","","","0.6412955465587045","147.66666666666666","264.0","0.7837837837837838","0.35714285714285715"
"B3_static_svd","binance_vision","ftx_k20_q99_minutes_nov08_0000_market_stress","real_crypto_window_sweep","","9373","20","2","119.98881666666647","1.9528903318628754","1.9528903318628754","4","0","[0, 1, 2, 3]","0","False","4","0.2","95.99105333333318","8484","889","-1264.7459633721955","1.4226613761217048","single_regime_full_matrix_marked_hawkes_loglik_before_svd_selection","","","","","","","","","","",""
"Proposed","binance_vision","ftx_k20_q99_minutes_nov08_0000_market_stress","real_crypto_window_sweep","","9373","20","2","119.98881666666647","1.9528903318628754","1.9528903318628754","4","0","[0, 1, 2, 3]","0","False","4","0.2","95.99105333333318","8484","889","-1149.536527579392","1.2930669601567963","latent_ctmc_marginal_interval_loglik","","","","","","1471.0157805530696","0.20478168057342297",,,,
"B1_static_gates","binance_vision","ftx_k20_q99_minutes_nov08_0000_market_stress","real_crypto_window_sweep","","9373","20","2","119.98881666666647","1.9528903318628754","1.9528903318628754","4","0","[0, 1, 2, 3]","0","False","5","0.2","95.99105333333318","8484","889","-1088.8677243119716","1.2248230869650976","single_regime_static_marked_hawkes_loglik_from_static_gates","","","","","","1323.958985747835","","","","",""
"B2_modular_hmm_hawkes","binance_vision","ftx_k20_q99_minutes_nov08_0000_market_stress","real_crypto_window_sweep","","9373","20","2","119.98881666666647","1.9528903318628754","1.9528903318628754","4","0","[0, 1, 2, 3]","0","False","5","0.2","95.99105333333318","8484","889","-329.26109170762777","0.3703724316171291","modular_hmm_interval_count_loglik_segmentation_stage","","","","","","","0.6412955465587045","147.66666666666666","264.0","0.7837837837837838","0.35714285714285715"
"B3_static_svd","binance_vision","ftx_k20_q99_minutes_nov08_0000_market_stress","real_crypto_window_sweep","","9373","20","2","119.98881666666647","1.9528903318628754","1.9528903318628754","4","0","[0, 1, 2, 3]","0","False","5","0.2","95.99105333333318","8484","889","-1264.7459633721955","1.4226613761217048","single_regime_full_matrix_marked_hawkes_loglik_before_svd_selection","","","","","","","","","","",""
"Proposed","binance_vision","ftx_k20_q99_minutes_nov08_0000_market_stress","real_crypto_window_sweep","","9373","20","2","119.98881666666647","1.9528903318628754","1.9528903318628754","4","0","[0, 1, 2, 3]","0","False","5","0.2","95.99105333333318","8484","889","-1088.6636983697658","1.224593586467678","latent_ctmc_marginal_interval_loglik","","","","","","1469.3005880113546","0.21492744412491707",,,,
"B1_static_gates","binance_vision","ftx_k20_q99_minutes_nov08_0000_market_stress","real_crypto_window_sweep","","9373","20","2","119.98881666666647","1.9528903318628754","1.9528903318628754","4","0","[0, 1, 2, 3]","0","False","6","0.2","95.99105333333318","8484","889","-1089.7732681069888","1.2258416964083114","single_regime_static_marked_hawkes_loglik_from_static_gates","","","","","","1330.8180531551839","","","","",""
"B2_modular_hmm_hawkes","binance_vision","ftx_k20_q99_minutes_nov08_0000_market_stress","real_crypto_window_sweep","","9373","20","2","119.98881666666647","1.9528903318628754","1.9528903318628754","4","0","[0, 1, 2, 3]","0","False","6","0.2","95.99105333333318","8484","889","-329.26109170762777","0.3703724316171291","modular_hmm_interval_count_loglik_segmentation_stage","","","","","","","0.6412955465587045","147.66666666666666","264.0","0.7837837837837838","0.35714285714285715"
"B3_static_svd","binance_vision","ftx_k20_q99_minutes_nov08_0000_market_stress","real_crypto_window_sweep","","9373","20","2","119.98881666666647","1.9528903318628754","1.9528903318628754","4","0","[0, 1, 2, 3]","0","False","6","0.2","95.99105333333318","8484","889","-1264.7459633721955","1.4226613761217048","single_regime_full_matrix_marked_hawkes_loglik_before_svd_selection","","","","","","","","","","",""
"Proposed","binance_vision","ftx_k20_q99_minutes_nov08_0000_market_stress","real_crypto_window_sweep","","9373","20","2","119.98881666666647","1.9528903318628754","1.9528903318628754","4","0","[0, 1, 2, 3]","0","False","6","0.2","95.99105333333318","8484","889","-1152.319695260351","1.296197632463837","latent_ctmc_marginal_interval_loglik","","","","","","1466.7065323165716","0.20686277355310287",,,,
"B1_static_gates","binance_vision","ftx_k20_q99_minutes_nov08_0000_market_stress","real_crypto_window_sweep","","9373","20","2","119.98881666666647","1.9528903318628754","1.9528903318628754","4","0","[0, 1, 2, 3]","0","False","7","0.2","95.99105333333318","8484","889","-1081.6205450645161","1.2166710293189158","single_regime_static_marked_hawkes_loglik_from_static_gates","","","","","","1325.3911202183162","","","","",""
"B2_modular_hmm_hawkes","binance_vision","ftx_k20_q99_minutes_nov08_0000_market_stress","real_crypto_window_sweep","","9373","20","2","119.98881666666647","1.9528903318628754","1.9528903318628754","4","0","[0, 1, 2, 3]","0","False","7","0.2","95.99105333333318","8484","889","-329.26109170762777","0.3703724316171291","modular_hmm_interval_count_loglik_segmentation_stage","","","","","","","0.6412955465587045","147.66666666666666","264.0","0.7837837837837838","0.35714285714285715"
"B3_static_svd","binance_vision","ftx_k20_q99_minutes_nov08_0000_market_stress","real_crypto_window_sweep","","9373","20","2","119.98881666666647","1.9528903318628754","1.9528903318628754","4","0","[0, 1, 2, 3]","0","False","7","0.2","95.99105333333318","8484","889","-1264.7459633721955","1.4226613761217048","single_regime_full_matrix_marked_hawkes_loglik_before_svd_selection","","","","","","","","","","",""
"Proposed","binance_vision","ftx_k20_q99_minutes_nov08_0000_market_stress","real_crypto_window_sweep","","9373","20","2","119.98881666666647","1.9528903318628754","1.9528903318628754","4","0","[0, 1, 2, 3]","0","False","7","0.2","95.99105333333318","8484","889","-1080.7501803199725","1.2156919913610489","latent_ctmc_marginal_interval_loglik","","","","","","1475.0568263590856","0.1961522821969421",,,,
"B1_static_gates","binance_vision","ftx_k20_q99_minutes_nov08_1600_peak","real_crypto_window_sweep","","61817","20","2","119.99771666666629","12.87878672135849","12.87878672135849","4","0","[0, 1, 2, 3]","0","False","1","0.2","95.99817333333304","52439","9378","19056.091445716687","-2.0319995143651832","single_regime_static_marked_hawkes_loglik_from_static_gates","","","","","","122755.26421767437","","","","",""
"B2_modular_hmm_hawkes","binance_vision","ftx_k20_q99_minutes_nov08_1600_peak","real_crypto_window_sweep","","61817","20","2","119.99771666666629","12.87878672135849","12.87878672135849","4","0","[0, 1, 2, 3]","0","False","1","0.2","95.99817333333304","52439","9378","-666.1541018916306","0.0710337067489476","modular_hmm_interval_count_loglik_segmentation_stage","","","","","","","0.7225039290691813","779.8333333333334","2030.4166666666667","0.8108108108108109","0.5"
"B3_static_svd","binance_vision","ftx_k20_q99_minutes_nov08_1600_peak","real_crypto_window_sweep","","61817","20","2","119.99771666666629","12.87878672135849","12.87878672135849","4","0","[0, 1, 2, 3]","0","False","1","0.2","95.99817333333304","52439","9378","-3668.4277763383807","0.39117378719752405","single_regime_full_matrix_marked_hawkes_loglik_before_svd_selection","","","","","","","","","","",""
"Proposed","binance_vision","ftx_k20_q99_minutes_nov08_1600_peak","real_crypto_window_sweep","","61817","20","2","119.99771666666629","12.87878672135849","12.87878672135849","4","0","[0, 1, 2, 3]","0","False","1","0.2","95.99817333333304","52439","9378","19128.16755171074","-2.0396851729271424","latent_ctmc_marginal_interval_loglik","","","","","","124050.57713121177","0.3854387709734279",,,,
"B1_static_gates","binance_vision","ftx_k20_q99_minutes_nov08_1600_peak","real_crypto_window_sweep","","61817","20","2","119.99771666666629","12.87878672135849","12.87878672135849","4","0","[0, 1, 2, 3]","0","False","2","0.2","95.99817333333304","52439","9378","19076.491015162283","-2.0341747723568226","single_regime_static_marked_hawkes_loglik_from_static_gates","","","","","","122740.86851654248","","","","",""
"B2_modular_hmm_hawkes","binance_vision","ftx_k20_q99_minutes_nov08_1600_peak","real_crypto_window_sweep","","61817","20","2","119.99771666666629","12.87878672135849","12.87878672135849","4","0","[0, 1, 2, 3]","0","False","2","0.2","95.99817333333304","52439","9378","-666.1541018916306","0.0710337067489476","modular_hmm_interval_count_loglik_segmentation_stage","","","","","","","0.7225039290691813","779.8333333333334","2030.4166666666667","0.8108108108108109","0.5"
"B3_static_svd","binance_vision","ftx_k20_q99_minutes_nov08_1600_peak","real_crypto_window_sweep","","61817","20","2","119.99771666666629","12.87878672135849","12.87878672135849","4","0","[0, 1, 2, 3]","0","False","2","0.2","95.99817333333304","52439","9378","-3668.4277763383807","0.39117378719752405","single_regime_full_matrix_marked_hawkes_loglik_before_svd_selection","","","","","","","","","","",""
"Proposed","binance_vision","ftx_k20_q99_minutes_nov08_1600_peak","real_crypto_window_sweep","","61817","20","2","119.99771666666629","12.87878672135849","12.87878672135849","4","0","[0, 1, 2, 3]","0","False","2","0.2","95.99817333333304","52439","9378","19141.05472478216","-2.04105936497997","latent_ctmc_marginal_interval_loglik","","","","","","124137.67142899022","0.40335555296543296",,,,
"B1_static_gates","binance_vision","ftx_k20_q99_minutes_nov08_1600_peak","real_crypto_window_sweep","","61817","20","2","119.99771666666629","12.87878672135849","12.87878672135849","4","0","[0, 1, 2, 3]","0","False","3","0.2","95.99817333333304","52439","9378","19081.10622549602","-2.0346669039769694","single_regime_static_marked_hawkes_loglik_from_static_gates","","","","","","122686.11446221944","","","","",""
"B2_modular_hmm_hawkes","binance_vision","ftx_k20_q99_minutes_nov08_1600_peak","real_crypto_window_sweep","","61817","20","2","119.99771666666629","12.87878672135849","12.87878672135849","4","0","[0, 1, 2, 3]","0","False","3","0.2","95.99817333333304","52439","9378","-666.1541018916306","0.0710337067489476","modular_hmm_interval_count_loglik_segmentation_stage","","","","","","","0.7225039290691813","779.8333333333334","2030.4166666666667","0.8108108108108109","0.5"
"B3_static_svd","binance_vision","ftx_k20_q99_minutes_nov08_1600_peak","real_crypto_window_sweep","","61817","20","2","119.99771666666629","12.87878672135849","12.87878672135849","4","0","[0, 1, 2, 3]","0","False","3","0.2","95.99817333333304","52439","9378","-3668.4277763383807","0.39117378719752405","single_regime_full_matrix_marked_hawkes_loglik_before_svd_selection","","","","","","","","","","",""
"Proposed","binance_vision","ftx_k20_q99_minutes_nov08_1600_peak","real_crypto_window_sweep","","61817","20","2","119.99771666666629","12.87878672135849","12.87878672135849","4","0","[0, 1, 2, 3]","0","False","3","0.2","95.99817333333304","52439","9378","19131.071766079167","-2.0399948566943022","latent_ctmc_marginal_interval_loglik","","","","","","124027.0319092929","0.3962472519659004",,,,
"B1_static_gates","binance_vision","ftx_k20_q99_minutes_nov08_1600_peak","real_crypto_window_sweep","","61817","20","2","119.99771666666629","12.87878672135849","12.87878672135849","4","0","[0, 1, 2, 3]","0","False","4","0.2","95.99817333333304","52439","9378","19066.20178450078","-2.0330776055129856","single_regime_static_marked_hawkes_loglik_from_static_gates","","","","","","122570.67553379784","","","","",""
"B2_modular_hmm_hawkes","binance_vision","ftx_k20_q99_minutes_nov08_1600_peak","real_crypto_window_sweep","","61817","20","2","119.99771666666629","12.87878672135849","12.87878672135849","4","0","[0, 1, 2, 3]","0","False","4","0.2","95.99817333333304","52439","9378","-666.1541018916306","0.0710337067489476","modular_hmm_interval_count_loglik_segmentation_stage","","","","","","","0.7225039290691813","779.8333333333334","2030.4166666666667","0.8108108108108109","0.5"
"B3_static_svd","binance_vision","ftx_k20_q99_minutes_nov08_1600_peak","real_crypto_window_sweep","","61817","20","2","119.99771666666629","12.87878672135849","12.87878672135849","4","0","[0, 1, 2, 3]","0","False","4","0.2","95.99817333333304","52439","9378","-3668.4277763383807","0.39117378719752405","single_regime_full_matrix_marked_hawkes_loglik_before_svd_selection","","","","","","","","","","",""
"Proposed","binance_vision","ftx_k20_q99_minutes_nov08_1600_peak","real_crypto_window_sweep","","61817","20","2","119.99771666666629","12.87878672135849","12.87878672135849","4","0","[0, 1, 2, 3]","0","False","4","0.2","95.99817333333304","52439","9378","19107.628403009607","-2.03749503124436","latent_ctmc_marginal_interval_loglik","","","","","","123849.12281552366","0.42913801557398873",,,,
"B1_static_gates","binance_vision","ftx_k20_q99_minutes_nov08_1600_peak","real_crypto_window_sweep","","61817","20","2","119.99771666666629","12.87878672135849","12.87878672135849","4","0","[0, 1, 2, 3]","0","False","5","0.2","95.99817333333304","52439","9378","19108.798247536128","-2.037619774742603","single_regime_static_marked_hawkes_loglik_from_static_gates","","","","","","122742.64076096116","","","","",""
"B2_modular_hmm_hawkes","binance_vision","ftx_k20_q99_minutes_nov08_1600_peak","real_crypto_window_sweep","","61817","20","2","119.99771666666629","12.87878672135849","12.87878672135849","4","0","[0, 1, 2, 3]","0","False","5","0.2","95.99817333333304","52439","9378","-666.1541018916306","0.0710337067489476","modular_hmm_interval_count_loglik_segmentation_stage","","","","","","","0.7225039290691813","779.8333333333334","2030.4166666666667","0.8108108108108109","0.5"
"B3_static_svd","binance_vision","ftx_k20_q99_minutes_nov08_1600_peak","real_crypto_window_sweep","","61817","20","2","119.99771666666629","12.87878672135849","12.87878672135849","4","0","[0, 1, 2, 3]","0","False","5","0.2","95.99817333333304","52439","9378","-3668.4277763383807","0.39117378719752405","single_regime_full_matrix_marked_hawkes_loglik_before_svd_selection","","","","","","","","","","",""
"Proposed","binance_vision","ftx_k20_q99_minutes_nov08_1600_peak","real_crypto_window_sweep","","61817","20","2","119.99771666666629","12.87878672135849","12.87878672135849","4","0","[0, 1, 2, 3]","0","False","5","0.2","95.99817333333304","52439","9378","19164.985004812417","-2.0436111116242714","latent_ctmc_marginal_interval_loglik","","","","","","124093.12639880828","0.391600187875667",,,,
"B1_static_gates","binance_vision","ftx_k20_q99_minutes_nov08_1600_peak","real_crypto_window_sweep","","61817","20","2","119.99771666666629","12.87878672135849","12.87878672135849","4","0","[0, 1, 2, 3]","0","False","6","0.2","95.99817333333304","52439","9378","19062.168179332708","-2.032647491931404","single_regime_static_marked_hawkes_loglik_from_static_gates","","","","","","122678.25550868097","","","","",""
"B2_modular_hmm_hawkes","binance_vision","ftx_k20_q99_minutes_nov08_1600_peak","real_crypto_window_sweep","","61817","20","2","119.99771666666629","12.87878672135849","12.87878672135849","4","0","[0, 1, 2, 3]","0","False","6","0.2","95.99817333333304","52439","9378","-666.1541018916306","0.0710337067489476","modular_hmm_interval_count_loglik_segmentation_stage","","","","","","","0.7225039290691813","779.8333333333334","2030.4166666666667","0.8108108108108109","0.5"
"B3_static_svd","binance_vision","ftx_k20_q99_minutes_nov08_1600_peak","real_crypto_window_sweep","","61817","20","2","119.99771666666629","12.87878672135849","12.87878672135849","4","0","[0, 1, 2, 3]","0","False","6","0.2","95.99817333333304","52439","9378","-3668.4277763383807","0.39117378719752405","single_regime_full_matrix_marked_hawkes_loglik_before_svd_selection","","","","","","","","","","",""
"Proposed","binance_vision","ftx_k20_q99_minutes_nov08_1600_peak","real_crypto_window_sweep","","61817","20","2","119.99771666666629","12.87878672135849","12.87878672135849","4","0","[0, 1, 2, 3]","0","False","6","0.2","95.99817333333304","52439","9378","19119.378559421108","-2.038747980317883","latent_ctmc_marginal_interval_loglik","","","","","","124001.45095295859","0.41561111863062794",,,,
"B1_static_gates","binance_vision","ftx_k20_q99_minutes_nov08_1600_peak","real_crypto_window_sweep","","61817","20","2","119.99771666666629","12.87878672135849","12.87878672135849","4","0","[0, 1, 2, 3]","0","False","7","0.2","95.99817333333304","52439","9378","19130.85758563073","-2.039972018088156","single_regime_static_marked_hawkes_loglik_from_static_gates","","","","","","122732.41313123817","","","","",""
"B2_modular_hmm_hawkes","binance_vision","ftx_k20_q99_minutes_nov08_1600_peak","real_crypto_window_sweep","","61817","20","2","119.99771666666629","12.87878672135849","12.87878672135849","4","0","[0, 1, 2, 3]","0","False","7","0.2","95.99817333333304","52439","9378","-666.1541018916306","0.0710337067489476","modular_hmm_interval_count_loglik_segmentation_stage","","","","","","","0.7225039290691813","779.8333333333334","2030.4166666666667","0.8108108108108109","0.5"
"B3_static_svd","binance_vision","ftx_k20_q99_minutes_nov08_1600_peak","real_crypto_window_sweep","","61817","20","2","119.99771666666629","12.87878672135849","12.87878672135849","4","0","[0, 1, 2, 3]","0","False","7","0.2","95.99817333333304","52439","9378","-3668.4277763383807","0.39117378719752405","single_regime_full_matrix_marked_hawkes_loglik_before_svd_selection","","","","","","","","","","",""
"Proposed","binance_vision","ftx_k20_q99_minutes_nov08_1600_peak","real_crypto_window_sweep","","61817","20","2","119.99771666666629","12.87878672135849","12.87878672135849","4","0","[0, 1, 2, 3]","0","False","7","0.2","95.99817333333304","52439","9378","19194.052343689098","-2.0467106359233416","latent_ctmc_marginal_interval_loglik","","","","","","124109.16002213075","0.4018389465914794",,,,
"B1_static_gates","binance_vision","ftx_k20_q99_minutes_nov09_0000_post_peak","real_crypto_window_sweep","","21479","20","2","119.99628333333385","4.47493026520125","4.47493026520125","4","0","[0, 1, 2, 3]","0","False","1","0.2","95.99702666666708","17864","3615","3407.5668591688445","-0.9426187715543138","single_regime_static_marked_hawkes_loglik_from_static_gates","","","","","","19730.027013177998","","","","",""
"B2_modular_hmm_hawkes","binance_vision","ftx_k20_q99_minutes_nov09_0000_post_peak","real_crypto_window_sweep","","21479","20","2","119.99628333333385","4.47493026520125","4.47493026520125","4","0","[0, 1, 2, 3]","0","False","1","0.2","95.99702666666708","17864","3615","-158.86475884195448","0.04394599138090027","modular_hmm_interval_count_loglik_segmentation_stage","","","","","","","0.6397752808988764","311.69444444444446","553.5833333333334","0.7837837837837838","0.35714285714285715"
"B3_static_svd","binance_vision","ftx_k20_q99_minutes_nov09_0000_post_peak","real_crypto_window_sweep","","21479","20","2","119.99628333333385","4.47493026520125","4.47493026520125","4","0","[0, 1, 2, 3]","0","False","1","0.2","95.99702666666708","17864","3615","-5402.003254637509","1.4943300842704035","single_regime_full_matrix_marked_hawkes_loglik_before_svd_selection","","","","","","","","","","",""
"Proposed","binance_vision","ftx_k20_q99_minutes_nov09_0000_post_peak","real_crypto_window_sweep","","21479","20","2","119.99628333333385","4.47493026520125","4.47493026520125","4","0","[0, 1, 2, 3]","0","False","1","0.2","95.99702666666708","17864","3615","3390.938994769643","-0.9380190856900811","latent_ctmc_marginal_interval_loglik","","","","","","19872.41773666295","0.47490083549754947",,,,
"B1_static_gates","binance_vision","ftx_k20_q99_minutes_nov09_0000_post_peak","real_crypto_window_sweep","","21479","20","2","119.99628333333385","4.47493026520125","4.47493026520125","4","0","[0, 1, 2, 3]","0","False","2","0.2","95.99702666666708","17864","3615","3420.8271217230504","-0.9462868939759476","single_regime_static_marked_hawkes_loglik_from_static_gates","","","","","","19741.037559327415","","","","",""
"B2_modular_hmm_hawkes","binance_vision","ftx_k20_q99_minutes_nov09_0000_post_peak","real_crypto_window_sweep","","21479","20","2","119.99628333333385","4.47493026520125","4.47493026520125","4","0","[0, 1, 2, 3]","0","False","2","0.2","95.99702666666708","17864","3615","-158.86475884195448","0.04394599138090027","modular_hmm_interval_count_loglik_segmentation_stage","","","","","","","0.6397752808988764","311.69444444444446","553.5833333333334","0.7837837837837838","0.35714285714285715"
"B3_static_svd","binance_vision","ftx_k20_q99_minutes_nov09_0000_post_peak","real_crypto_window_sweep","","21479","20","2","119.99628333333385","4.47493026520125","4.47493026520125","4","0","[0, 1, 2, 3]","0","False","2","0.2","95.99702666666708","17864","3615","-5402.003254637509","1.4943300842704035","single_regime_full_matrix_marked_hawkes_loglik_before_svd_selection","","","","","","","","","","",""
"Proposed","binance_vision","ftx_k20_q99_minutes_nov09_0000_post_peak","real_crypto_window_sweep","","21479","20","2","119.99628333333385","4.47493026520125","4.47493026520125","4","0","[0, 1, 2, 3]","0","False","2","0.2","95.99702666666708","17864","3615","3395.1664543958937","-0.9391885074400812","latent_ctmc_marginal_interval_loglik","","","","","","19871.01152882958","0.47795100402712604",,,,
"B1_static_gates","binance_vision","ftx_k20_q99_minutes_nov09_0000_post_peak","real_crypto_window_sweep","","21479","20","2","119.99628333333385","4.47493026520125","4.47493026520125","4","0","[0, 1, 2, 3]","0","False","3","0.2","95.99702666666708","17864","3615","3413.782394476051","-0.9443381450832783","single_regime_static_marked_hawkes_loglik_from_static_gates","","","","","","19700.714988143307","","","","",""
"B2_modular_hmm_hawkes","binance_vision","ftx_k20_q99_minutes_nov09_0000_post_peak","real_crypto_window_sweep","","21479","20","2","119.99628333333385","4.47493026520125","4.47493026520125","4","0","[0, 1, 2, 3]","0","False","3","0.2","95.99702666666708","17864","3615","-158.86475884195448","0.04394599138090027","modular_hmm_interval_count_loglik_segmentation_stage","","","","","","","0.6397752808988764","311.69444444444446","553.5833333333334","0.7837837837837838","0.35714285714285715"
"B3_static_svd","binance_vision","ftx_k20_q99_minutes_nov09_0000_post_peak","real_crypto_window_sweep","","21479","20","2","119.99628333333385","4.47493026520125","4.47493026520125","4","0","[0, 1, 2, 3]","0","False","3","0.2","95.99702666666708","17864","3615","-5402.003254637509","1.4943300842704035","single_regime_full_matrix_marked_hawkes_loglik_before_svd_selection","","","","","","","","","","",""
"Proposed","binance_vision","ftx_k20_q99_minutes_nov09_0000_post_peak","real_crypto_window_sweep","","21479","20","2","119.99628333333385","4.47493026520125","4.47493026520125","4","0","[0, 1, 2, 3]","0","False","3","0.2","95.99702666666708","17864","3615","3394.714179618285","-0.9390633968515312","latent_ctmc_marginal_interval_loglik","","","","","","19866.44470356877","0.4716375474280288",,,,
"B1_static_gates","binance_vision","ftx_k20_q99_minutes_nov09_0000_post_peak","real_crypto_window_sweep","","21479","20","2","119.99628333333385","4.47493026520125","4.47493026520125","4","0","[0, 1, 2, 3]","0","False","4","0.2","95.99702666666708","17864","3615","3422.667743975344","-0.9467960564247148","single_regime_static_marked_hawkes_loglik_from_static_gates","","","","","","19705.947959546458","","","","",""
"B2_modular_hmm_hawkes","binance_vision","ftx_k20_q99_minutes_nov09_0000_post_peak","real_crypto_window_sweep","","21479","20","2","119.99628333333385","4.47493026520125","4.47493026520125","4","0","[0, 1, 2, 3]","0","False","4","0.2","95.99702666666708","17864","3615","-158.86475884195448","0.04394599138090027","modular_hmm_interval_count_loglik_segmentation_stage","","","","","","","0.6397752808988764","311.69444444444446","553.5833333333334","0.7837837837837838","0.35714285714285715"
"B3_static_svd","binance_vision","ftx_k20_q99_minutes_nov09_0000_post_peak","real_crypto_window_sweep","","21479","20","2","119.99628333333385","4.47493026520125","4.47493026520125","4","0","[0, 1, 2, 3]","0","False","4","0.2","95.99702666666708","17864","3615","-5402.003254637509","1.4943300842704035","single_regime_full_matrix_marked_hawkes_loglik_before_svd_selection","","","","","","","","","","",""
"Proposed","binance_vision","ftx_k20_q99_minutes_nov09_0000_post_peak","real_crypto_window_sweep","","21479","20","2","119.99628333333385","4.47493026520125","4.47493026520125","4","0","[0, 1, 2, 3]","0","False","4","0.2","95.99702666666708","17864","3615","3405.2355962998363","-0.9419738855601207","latent_ctmc_marginal_interval_loglik","","","","","","19866.892049559814","0.473653109848755",,,,
"B1_static_gates","binance_vision","ftx_k20_q99_minutes_nov09_0000_post_peak","real_crypto_window_sweep","","21479","20","2","119.99628333333385","4.47493026520125","4.47493026520125","4","0","[0, 1, 2, 3]","0","False","5","0.2","95.99702666666708","17864","3615","3424.162230083324","-0.9472094689027176","single_regime_static_marked_hawkes_loglik_from_static_gates","","","","","","19699.536149108793","","","","",""
"B2_modular_hmm_hawkes","binance_vision","ftx_k20_q99_minutes_nov09_0000_post_peak","real_crypto_window_sweep","","21479","20","2","119.99628333333385","4.47493026520125","4.47493026520125","4","0","[0, 1, 2, 3]","0","False","5","0.2","95.99702666666708","17864","3615","-158.86475884195448","0.04394599138090027","modular_hmm_interval_count_loglik_segmentation_stage","","","","","","","0.6397752808988764","311.69444444444446","553.5833333333334","0.7837837837837838","0.35714285714285715"
"B3_static_svd","binance_vision","ftx_k20_q99_minutes_nov09_0000_post_peak","real_crypto_window_sweep","","21479","20","2","119.99628333333385","4.47493026520125","4.47493026520125","4","0","[0, 1, 2, 3]","0","False","5","0.2","95.99702666666708","17864","3615","-5402.003254637509","1.4943300842704035","single_regime_full_matrix_marked_hawkes_loglik_before_svd_selection","","","","","","","","","","",""
"Proposed","binance_vision","ftx_k20_q99_minutes_nov09_0000_post_peak","real_crypto_window_sweep","","21479","20","2","119.99628333333385","4.47493026520125","4.47493026520125","4","0","[0, 1, 2, 3]","0","False","5","0.2","95.99702666666708","17864","3615","3397.3559640046906","-0.9397941809141606","latent_ctmc_marginal_interval_loglik","","","","","","19865.379347340153","0.4719342018939274",,,,
"B1_static_gates","binance_vision","ftx_k20_q99_minutes_nov09_0000_post_peak","real_crypto_window_sweep","","21479","20","2","119.99628333333385","4.47493026520125","4.47493026520125","4","0","[0, 1, 2, 3]","0","False","6","0.2","95.99702666666708","17864","3615","3419.9422078268744","-0.9460421045164245","single_regime_static_marked_hawkes_loglik_from_static_gates","","","","","","19721.577192921977","","","","",""
"B2_modular_hmm_hawkes","binance_vision","ftx_k20_q99_minutes_nov09_0000_post_peak","real_crypto_window_sweep","","21479","20","2","119.99628333333385","4.47493026520125","4.47493026520125","4","0","[0, 1, 2, 3]","0","False","6","0.2","95.99702666666708","17864","3615","-158.86475884195448","0.04394599138090027","modular_hmm_interval_count_loglik_segmentation_stage","","","","","","","0.6397752808988764","311.69444444444446","553.5833333333334","0.7837837837837838","0.35714285714285715"
"B3_static_svd","binance_vision","ftx_k20_q99_minutes_nov09_0000_post_peak","real_crypto_window_sweep","","21479","20","2","119.99628333333385","4.47493026520125","4.47493026520125","4","0","[0, 1, 2, 3]","0","False","6","0.2","95.99702666666708","17864","3615","-5402.003254637509","1.4943300842704035","single_regime_full_matrix_marked_hawkes_loglik_before_svd_selection","","","","","","","","","","",""
"Proposed","binance_vision","ftx_k20_q99_minutes_nov09_0000_post_peak","real_crypto_window_sweep","","21479","20","2","119.99628333333385","4.47493026520125","4.47493026520125","4","0","[0, 1, 2, 3]","0","False","6","0.2","95.99702666666708","17864","3615","3397.0216962583036","-0.9397017140410245","latent_ctmc_marginal_interval_loglik","","","","","","19868.33947253198","0.4748284826313062",,,,
"B1_static_gates","binance_vision","ftx_k20_q99_minutes_nov09_0000_post_peak","real_crypto_window_sweep","","21479","20","2","119.99628333333385","4.47493026520125","4.47493026520125","4","0","[0, 1, 2, 3]","0","False","7","0.2","95.99702666666708","17864","3615","3424.1371624149797","-0.9472025345546279","single_regime_static_marked_hawkes_loglik_from_static_gates","","","","","","19700.355685153823","","","","",""
"B2_modular_hmm_hawkes","binance_vision","ftx_k20_q99_minutes_nov09_0000_post_peak","real_crypto_window_sweep","","21479","20","2","119.99628333333385","4.47493026520125","4.47493026520125","4","0","[0, 1, 2, 3]","0","False","7","0.2","95.99702666666708","17864","3615","-158.86475884195448","0.04394599138090027","modular_hmm_interval_count_loglik_segmentation_stage","","","","","","","0.6397752808988764","311.69444444444446","553.5833333333334","0.7837837837837838","0.35714285714285715"
"B3_static_svd","binance_vision","ftx_k20_q99_minutes_nov09_0000_post_peak","real_crypto_window_sweep","","21479","20","2","119.99628333333385","4.47493026520125","4.47493026520125","4","0","[0, 1, 2, 3]","0","False","7","0.2","95.99702666666708","17864","3615","-5402.003254637509","1.4943300842704035","single_regime_full_matrix_marked_hawkes_loglik_before_svd_selection","","","","","","","","","","",""
"Proposed","binance_vision","ftx_k20_q99_minutes_nov09_0000_post_peak","real_crypto_window_sweep","","21479","20","2","119.99628333333385","4.47493026520125","4.47493026520125","4","0","[0, 1, 2, 3]","0","False","7","0.2","95.99702666666708","17864","3615","3401.1093783899246","-0.9408324698174065","latent_ctmc_marginal_interval_loglik","","","","","","19862.514081760248","0.47140104424985124",,,,
"B1_static_gates","binance_vision","ftx_k20_q99_minutes_nov10_1600_second_ftt_spike","real_crypto_window_sweep","","34278","20","2","119.99783333333289","7.14137894156425","7.14137894156425","4","0","[0, 1, 2, 3]","0","False","1","0.2","95.99826666666632","26381","7897","13224.432627902326","-1.6746147433078797","single_regime_static_marked_hawkes_loglik_from_static_gates","","","","","","46062.08587810241","","","","",""
"B2_modular_hmm_hawkes","binance_vision","ftx_k20_q99_minutes_nov10_1600_second_ftt_spike","real_crypto_window_sweep","","34278","20","2","119.99783333333289","7.14137894156425","7.14137894156425","4","0","[0, 1, 2, 3]","0","False","1","0.2","95.99826666666632","26381","7897","-456.57958883237603","0.05781684042451261","modular_hmm_interval_count_loglik_segmentation_stage","","","","","","","0.7073493179496424","405.8333333333333","980.9166666666666","0.8947368421052632","0.6923076923076923"
"B3_static_svd","binance_vision","ftx_k20_q99_minutes_nov10_1600_second_ftt_spike","real_crypto_window_sweep","","34278","20","2","119.99783333333289","7.14137894156425","7.14137894156425","4","0","[0, 1, 2, 3]","0","False","1","0.2","95.99826666666632","26381","7897","-14577.273147499478","1.8459254333923614","single_regime_full_matrix_marked_hawkes_loglik_before_svd_selection","","","","","","","","","","",""
"Proposed","binance_vision","ftx_k20_q99_minutes_nov10_1600_second_ftt_spike","real_crypto_window_sweep","","34278","20","2","119.99783333333289","7.14137894156425","7.14137894156425","4","0","[0, 1, 2, 3]","0","False","1","0.2","95.99826666666632","26381","7897","13400.774218069246","-1.696944943404995","latent_ctmc_marginal_interval_loglik","","","","","","46387.09984804672","0.4607762572426604",,,,
"B1_static_gates","binance_vision","ftx_k20_q99_minutes_nov10_1600_second_ftt_spike","real_crypto_window_sweep","","34278","20","2","119.99783333333289","7.14137894156425","7.14137894156425","4","0","[0, 1, 2, 3]","0","False","2","0.2","95.99826666666632","26381","7897","13292.90348508529","-1.6832852330106736","single_regime_static_marked_hawkes_loglik_from_static_gates","","","","","","46052.87979113239","","","","",""
"B2_modular_hmm_hawkes","binance_vision","ftx_k20_q99_minutes_nov10_1600_second_ftt_spike","real_crypto_window_sweep","","34278","20","2","119.99783333333289","7.14137894156425","7.14137894156425","4","0","[0, 1, 2, 3]","0","False","2","0.2","95.99826666666632","26381","7897","-456.57958883237603","0.05781684042451261","modular_hmm_interval_count_loglik_segmentation_stage","","","","","","","0.7073493179496424","405.8333333333333","980.9166666666666","0.8947368421052632","0.6923076923076923"
"B3_static_svd","binance_vision","ftx_k20_q99_minutes_nov10_1600_second_ftt_spike","real_crypto_window_sweep","","34278","20","2","119.99783333333289","7.14137894156425","7.14137894156425","4","0","[0, 1, 2, 3]","0","False","2","0.2","95.99826666666632","26381","7897","-14577.273147499478","1.8459254333923614","single_regime_full_matrix_marked_hawkes_loglik_before_svd_selection","","","","","","","","","","",""
"Proposed","binance_vision","ftx_k20_q99_minutes_nov10_1600_second_ftt_spike","real_crypto_window_sweep","","34278","20","2","119.99783333333289","7.14137894156425","7.14137894156425","4","0","[0, 1, 2, 3]","0","False","2","0.2","95.99826666666632","26381","7897","13412.131880388411","-1.698383168340941","latent_ctmc_marginal_interval_loglik","","","","","","46376.30514698672","0.458057877019414",,,,
"B1_static_gates","binance_vision","ftx_k20_q99_minutes_nov10_1600_second_ftt_spike","real_crypto_window_sweep","","34278","20","2","119.99783333333289","7.14137894156425","7.14137894156425","4","0","[0, 1, 2, 3]","0","False","3","0.2","95.99826666666632","26381","7897","13147.617387368387","-1.6648876012876266","single_regime_static_marked_hawkes_loglik_from_static_gates","","","","","","45888.61620248981","","","","",""
"B2_modular_hmm_hawkes","binance_vision","ftx_k20_q99_minutes_nov10_1600_second_ftt_spike","real_crypto_window_sweep","","34278","20","2","119.99783333333289","7.14137894156425","7.14137894156425","4","0","[0, 1, 2, 3]","0","False","3","0.2","95.99826666666632","26381","7897","-456.57958883237603","0.05781684042451261","modular_hmm_interval_count_loglik_segmentation_stage","","","","","","","0.7073493179496424","405.8333333333333","980.9166666666666","0.8947368421052632","0.6923076923076923"
"B3_static_svd","binance_vision","ftx_k20_q99_minutes_nov10_1600_second_ftt_spike","real_crypto_window_sweep","","34278","20","2","119.99783333333289","7.14137894156425","7.14137894156425","4","0","[0, 1, 2, 3]","0","False","3","0.2","95.99826666666632","26381","7897","-14577.273147499478","1.8459254333923614","single_regime_full_matrix_marked_hawkes_loglik_before_svd_selection","","","","","","","","","","",""
"Proposed","binance_vision","ftx_k20_q99_minutes_nov10_1600_second_ftt_spike","real_crypto_window_sweep","","34278","20","2","119.99783333333289","7.14137894156425","7.14137894156425","4","0","[0, 1, 2, 3]","0","False","3","0.2","95.99826666666632","26381","7897","13409.49482035047","-1.6980492364632733","latent_ctmc_marginal_interval_loglik","","","","","","46383.03472544638","0.39511688674265866",,,,
"B1_static_gates","binance_vision","ftx_k20_q99_minutes_nov10_1600_second_ftt_spike","real_crypto_window_sweep","","34278","20","2","119.99783333333289","7.14137894156425","7.14137894156425","4","0","[0, 1, 2, 3]","0","False","4","0.2","95.99826666666632","26381","7897","13332.373073249471","-1.6882832814042639","single_regime_static_marked_hawkes_loglik_from_static_gates","","","","","","45589.00103038995","","","","",""
"B2_modular_hmm_hawkes","binance_vision","ftx_k20_q99_minutes_nov10_1600_second_ftt_spike","real_crypto_window_sweep","","34278","20","2","119.99783333333289","7.14137894156425","7.14137894156425","4","0","[0, 1, 2, 3]","0","False","4","0.2","95.99826666666632","26381","7897","-456.57958883237603","0.05781684042451261","modular_hmm_interval_count_loglik_segmentation_stage","","","","","","","0.7073493179496424","405.8333333333333","980.9166666666666","0.8947368421052632","0.6923076923076923"
"B3_static_svd","binance_vision","ftx_k20_q99_minutes_nov10_1600_second_ftt_spike","real_crypto_window_sweep","","34278","20","2","119.99783333333289","7.14137894156425","7.14137894156425","4","0","[0, 1, 2, 3]","0","False","4","0.2","95.99826666666632","26381","7897","-14577.273147499478","1.8459254333923614","single_regime_full_matrix_marked_hawkes_loglik_before_svd_selection","","","","","","","","","","",""
"Proposed","binance_vision","ftx_k20_q99_minutes_nov10_1600_second_ftt_spike","real_crypto_window_sweep","","34278","20","2","119.99783333333289","7.14137894156425","7.14137894156425","4","0","[0, 1, 2, 3]","0","False","4","0.2","95.99826666666632","26381","7897","13417.796915983588","-1.6991005338715446","latent_ctmc_marginal_interval_loglik","","","","","","46386.06501928936","0.39628278613922013",,,,
"B1_static_gates","binance_vision","ftx_k20_q99_minutes_nov10_1600_second_ftt_spike","real_crypto_window_sweep","","34278","20","2","119.99783333333289","7.14137894156425","7.14137894156425","4","0","[0, 1, 2, 3]","0","False","5","0.2","95.99826666666632","26381","7897","13164.565229900456","-1.6670337127897248","single_regime_static_marked_hawkes_loglik_from_static_gates","","","","","","45932.600887892695","","","","",""
"B2_modular_hmm_hawkes","binance_vision","ftx_k20_q99_minutes_nov10_1600_second_ftt_spike","real_crypto_window_sweep","","34278","20","2","119.99783333333289","7.14137894156425","7.14137894156425","4","0","[0, 1, 2, 3]","0","False","5","0.2","95.99826666666632","26381","7897","-456.57958883237603","0.05781684042451261","modular_hmm_interval_count_loglik_segmentation_stage","","","","","","","0.7073493179496424","405.8333333333333","980.9166666666666","0.8947368421052632","0.6923076923076923"
"B3_static_svd","binance_vision","ftx_k20_q99_minutes_nov10_1600_second_ftt_spike","real_crypto_window_sweep","","34278","20","2","119.99783333333289","7.14137894156425","7.14137894156425","4","0","[0, 1, 2, 3]","0","False","5","0.2","95.99826666666632","26381","7897","-14577.273147499478","1.8459254333923614","single_regime_full_matrix_marked_hawkes_loglik_before_svd_selection","","","","","","","","","","",""
"Proposed","binance_vision","ftx_k20_q99_minutes_nov10_1600_second_ftt_spike","real_crypto_window_sweep","","34278","20","2","119.99783333333289","7.14137894156425","7.14137894156425","4","0","[0, 1, 2, 3]","0","False","5","0.2","95.99826666666632","26381","7897","13408.348856987493","-1.697904122703241","latent_ctmc_marginal_interval_loglik","","","","","","46405.58422794235","0.3995866762410642",,,,
"B1_static_gates","binance_vision","ftx_k20_q99_minutes_nov10_1600_second_ftt_spike","real_crypto_window_sweep","","34278","20","2","119.99783333333289","7.14137894156425","7.14137894156425","4","0","[0, 1, 2, 3]","0","False","6","0.2","95.99826666666632","26381","7897","13187.2634098541","-1.6699079916239206","single_regime_static_marked_hawkes_loglik_from_static_gates","","","","","","45976.10268491006","","","","",""
"B2_modular_hmm_hawkes","binance_vision","ftx_k20_q99_minutes_nov10_1600_second_ftt_spike","real_crypto_window_sweep","","34278","20","2","119.99783333333289","7.14137894156425","7.14137894156425","4","0","[0, 1, 2, 3]","0","False","6","0.2","95.99826666666632","26381","7897","-456.57958883237603","0.05781684042451261","modular_hmm_interval_count_loglik_segmentation_stage","","","","","","","0.7073493179496424","405.8333333333333","980.9166666666666","0.8947368421052632","0.6923076923076923"
"B3_static_svd","binance_vision","ftx_k20_q99_minutes_nov10_1600_second_ftt_spike","real_crypto_window_sweep","","34278","20","2","119.99783333333289","7.14137894156425","7.14137894156425","4","0","[0, 1, 2, 3]","0","False","6","0.2","95.99826666666632","26381","7897","-14577.273147499478","1.8459254333923614","single_regime_full_matrix_marked_hawkes_loglik_before_svd_selection","","","","","","","","","","",""
"Proposed","binance_vision","ftx_k20_q99_minutes_nov10_1600_second_ftt_spike","real_crypto_window_sweep","","34278","20","2","119.99783333333289","7.14137894156425","7.14137894156425","4","0","[0, 1, 2, 3]","0","False","6","0.2","95.99826666666632","26381","7897","13430.399751981497","-1.7006964356061158","latent_ctmc_marginal_interval_loglik","","","","","","46400.25872563875","0.3988415248576513",,,,
"B1_static_gates","binance_vision","ftx_k20_q99_minutes_nov10_1600_second_ftt_spike","real_crypto_window_sweep","","34278","20","2","119.99783333333289","7.14137894156425","7.14137894156425","4","0","[0, 1, 2, 3]","0","False","7","0.2","95.99826666666632","26381","7897","13217.532631245253","-1.6737409942060595","single_regime_static_marked_hawkes_loglik_from_static_gates","","","","","","45879.627564311086","","","","",""
"B2_modular_hmm_hawkes","binance_vision","ftx_k20_q99_minutes_nov10_1600_second_ftt_spike","real_crypto_window_sweep","","34278","20","2","119.99783333333289","7.14137894156425","7.14137894156425","4","0","[0, 1, 2, 3]","0","False","7","0.2","95.99826666666632","26381","7897","-456.57958883237603","0.05781684042451261","modular_hmm_interval_count_loglik_segmentation_stage","","","","","","","0.7073493179496424","405.8333333333333","980.9166666666666","0.8947368421052632","0.6923076923076923"
"B3_static_svd","binance_vision","ftx_k20_q99_minutes_nov10_1600_second_ftt_spike","real_crypto_window_sweep","","34278","20","2","119.99783333333289","7.14137894156425","7.14137894156425","4","0","[0, 1, 2, 3]","0","False","7","0.2","95.99826666666632","26381","7897","-14577.273147499478","1.8459254333923614","single_regime_full_matrix_marked_hawkes_loglik_before_svd_selection","","","","","","","","","","",""
"Proposed","binance_vision","ftx_k20_q99_minutes_nov10_1600_second_ftt_spike","real_crypto_window_sweep","","34278","20","2","119.99783333333289","7.14137894156425","7.14137894156425","4","0","[0, 1, 2, 3]","0","False","7","0.2","95.99826666666632","26381","7897","13408.958361977935","-1.6979813045432361","latent_ctmc_marginal_interval_loglik","","","","","","46384.3308834307","0.397377543437128",,,,
"B1_static_gates","binance_vision","ftx_k20_q99_minutes_nov11_1400_bankruptcy_sol_heavy","real_crypto_window_sweep","","41603","20","2","119.9993666666669","8.667337410947429","8.667337410947429","4","0","[0, 1, 2, 3]","0","False","1","0.2","95.99949333333353","37499","4104","3493.4789072812036","-0.8512375505071159","single_regime_static_marked_hawkes_loglik_from_static_gates","","","","","","78873.0081707126","","","","",""
"B2_modular_hmm_hawkes","binance_vision","ftx_k20_q99_minutes_nov11_1400_bankruptcy_sol_heavy","real_crypto_window_sweep","","41603","20","2","119.9993666666669","8.667337410947429","8.667337410947429","4","0","[0, 1, 2, 3]","0","False","1","0.2","95.99949333333353","37499","4104","-1058.3211453294607","0.25787552274109665","modular_hmm_interval_count_loglik_segmentation_stage","","","","","","","0.7286589964757346","549.6388888888889","1476.0","0.8918918918918919","0.6428571428571429"
"B3_static_svd","binance_vision","ftx_k20_q99_minutes_nov11_1400_bankruptcy_sol_heavy","real_crypto_window_sweep","","41603","20","2","119.9993666666669","8.667337410947429","8.667337410947429","4","0","[0, 1, 2, 3]","0","False","1","0.2","95.99949333333353","37499","4104","-10882.220712257451","2.6516132339808602","single_regime_full_matrix_marked_hawkes_loglik_before_svd_selection","","","","","","","","","","",""
"Proposed","binance_vision","ftx_k20_q99_minutes_nov11_1400_bankruptcy_sol_heavy","real_crypto_window_sweep","","41603","20","2","119.9993666666669","8.667337410947429","8.667337410947429","4","0","[0, 1, 2, 3]","0","False","1","0.2","95.99949333333353","37499","4104","3728.059044059727","-0.9083964532309277","latent_ctmc_marginal_interval_loglik","","","","","","81332.83483246886","0.2827255649443919",,,,
"B1_static_gates","binance_vision","ftx_k20_q99_minutes_nov11_1400_bankruptcy_sol_heavy","real_crypto_window_sweep","","41603","20","2","119.9993666666669","8.667337410947429","8.667337410947429","4","0","[0, 1, 2, 3]","0","False","2","0.2","95.99949333333353","37499","4104","3553.4212036551","-0.865843373210307","single_regime_static_marked_hawkes_loglik_from_static_gates","","","","","","78933.27429937915","","","","",""
"B2_modular_hmm_hawkes","binance_vision","ftx_k20_q99_minutes_nov11_1400_bankruptcy_sol_heavy","real_crypto_window_sweep","","41603","20","2","119.9993666666669","8.667337410947429","8.667337410947429","4","0","[0, 1, 2, 3]","0","False","2","0.2","95.99949333333353","37499","4104","-1058.3211453294607","0.25787552274109665","modular_hmm_interval_count_loglik_segmentation_stage","","","","","","","0.7286589964757346","549.6388888888889","1476.0","0.8918918918918919","0.6428571428571429"
"B3_static_svd","binance_vision","ftx_k20_q99_minutes_nov11_1400_bankruptcy_sol_heavy","real_crypto_window_sweep","","41603","20","2","119.9993666666669","8.667337410947429","8.667337410947429","4","0","[0, 1, 2, 3]","0","False","2","0.2","95.99949333333353","37499","4104","-10882.220712257451","2.6516132339808602","single_regime_full_matrix_marked_hawkes_loglik_before_svd_selection","","","","","","","","","","",""
"Proposed","binance_vision","ftx_k20_q99_minutes_nov11_1400_bankruptcy_sol_heavy","real_crypto_window_sweep","","41603","20","2","119.9993666666669","8.667337410947429","8.667337410947429","4","0","[0, 1, 2, 3]","0","False","2","0.2","95.99949333333353","37499","4104","3789.168472514436","-0.9232866648426988","latent_ctmc_marginal_interval_loglik","","","","","","81534.87290758002","0.28540324618095675",,,,
"B1_static_gates","binance_vision","ftx_k20_q99_minutes_nov11_1400_bankruptcy_sol_heavy","real_crypto_window_sweep","","41603","20","2","119.9993666666669","8.667337410947429","8.667337410947429","4","0","[0, 1, 2, 3]","0","False","3","0.2","95.99949333333353","37499","4104","3525.9742451793763","-0.859155517831232","single_regime_static_marked_hawkes_loglik_from_static_gates","","","","","","78819.78150484605","","","","",""
"B2_modular_hmm_hawkes","binance_vision","ftx_k20_q99_minutes_nov11_1400_bankruptcy_sol_heavy","real_crypto_window_sweep","","41603","20","2","119.9993666666669","8.667337410947429","8.667337410947429","4","0","[0, 1, 2, 3]","0","False","3","0.2","95.99949333333353","37499","4104","-1058.3211453294607","0.25787552274109665","modular_hmm_interval_count_loglik_segmentation_stage","","","","","","","0.7286589964757346","549.6388888888889","1476.0","0.8918918918918919","0.6428571428571429"
"B3_static_svd","binance_vision","ftx_k20_q99_minutes_nov11_1400_bankruptcy_sol_heavy","real_crypto_window_sweep","","41603","20","2","119.9993666666669","8.667337410947429","8.667337410947429","4","0","[0, 1, 2, 3]","0","False","3","0.2","95.99949333333353","37499","4104","-10882.220712257451","2.6516132339808602","single_regime_full_matrix_marked_hawkes_loglik_before_svd_selection","","","","","","","","","","",""
"Proposed","binance_vision","ftx_k20_q99_minutes_nov11_1400_bankruptcy_sol_heavy","real_crypto_window_sweep","","41603","20","2","119.9993666666669","8.667337410947429","8.667337410947429","4","0","[0, 1, 2, 3]","0","False","3","0.2","95.99949333333353","37499","4104","3757.619202795191","-0.9155992209539939","latent_ctmc_marginal_interval_loglik","","","","","","81241.58796406112","0.28590575362568077",,,,
"B1_static_gates","binance_vision","ftx_k20_q99_minutes_nov11_1400_bankruptcy_sol_heavy","real_crypto_window_sweep","","41603","20","2","119.9993666666669","8.667337410947429","8.667337410947429","4","0","[0, 1, 2, 3]","0","False","4","0.2","95.99949333333353","37499","4104","3511.5532721398404","-0.8556416355116571","single_regime_static_marked_hawkes_loglik_from_static_gates","","","","","","78694.34932742105","","","","",""
"B2_modular_hmm_hawkes","binance_vision","ftx_k20_q99_minutes_nov11_1400_bankruptcy_sol_heavy","real_crypto_window_sweep","","41603","20","2","119.9993666666669","8.667337410947429","8.667337410947429","4","0","[0, 1, 2, 3]","0","False","4","0.2","95.99949333333353","37499","4104","-1058.3211453294607","0.25787552274109665","modular_hmm_interval_count_loglik_segmentation_stage","","","","","","","0.7286589964757346","549.6388888888889","1476.0","0.8918918918918919","0.6428571428571429"
"B3_static_svd","binance_vision","ftx_k20_q99_minutes_nov11_1400_bankruptcy_sol_heavy","real_crypto_window_sweep","","41603","20","2","119.9993666666669","8.667337410947429","8.667337410947429","4","0","[0, 1, 2, 3]","0","False","4","0.2","95.99949333333353","37499","4104","-10882.220712257451","2.6516132339808602","single_regime_full_matrix_marked_hawkes_loglik_before_svd_selection","","","","","","","","","","",""
"Proposed","binance_vision","ftx_k20_q99_minutes_nov11_1400_bankruptcy_sol_heavy","real_crypto_window_sweep","","41603","20","2","119.9993666666669","8.667337410947429","8.667337410947429","4","0","[0, 1, 2, 3]","0","False","4","0.2","95.99949333333353","37499","4104","3712.098251652207","-0.9045073712602844","latent_ctmc_marginal_interval_loglik","","","","","","81105.21820028526","0.28120238232059364",,,,
"B1_static_gates","binance_vision","ftx_k20_q99_minutes_nov11_1400_bankruptcy_sol_heavy","real_crypto_window_sweep","","41603","20","2","119.9993666666669","8.667337410947429","8.667337410947429","4","0","[0, 1, 2, 3]","0","False","5","0.2","95.99949333333353","37499","4104","3556.115766183807","-0.8664999430272434","single_regime_static_marked_hawkes_loglik_from_static_gates","","","","","","78654.22920319955","","","","",""
"B2_modular_hmm_hawkes","binance_vision","ftx_k20_q99_minutes_nov11_1400_bankruptcy_sol_heavy","real_crypto_window_sweep","","41603","20","2","119.9993666666669","8.667337410947429","8.667337410947429","4","0","[0, 1, 2, 3]","0","False","5","0.2","95.99949333333353","37499","4104","-1058.3211453294607","0.25787552274109665","modular_hmm_interval_count_loglik_segmentation_stage","","","","","","","0.7286589964757346","549.6388888888889","1476.0","0.8918918918918919","0.6428571428571429"
"B3_static_svd","binance_vision","ftx_k20_q99_minutes_nov11_1400_bankruptcy_sol_heavy","real_crypto_window_sweep","","41603","20","2","119.9993666666669","8.667337410947429","8.667337410947429","4","0","[0, 1, 2, 3]","0","False","5","0.2","95.99949333333353","37499","4104","-10882.220712257451","2.6516132339808602","single_regime_full_matrix_marked_hawkes_loglik_before_svd_selection","","","","","","","","","","",""
"Proposed","binance_vision","ftx_k20_q99_minutes_nov11_1400_bankruptcy_sol_heavy","real_crypto_window_sweep","","41603","20","2","119.9993666666669","8.667337410947429","8.667337410947429","4","0","[0, 1, 2, 3]","0","False","5","0.2","95.99949333333353","37499","4104","3767.8405828081964","-0.9180898106257789","latent_ctmc_marginal_interval_loglik","","","","","","81180.73655995744","0.2801719594768212",,,,
"B1_static_gates","binance_vision","ftx_k20_q99_minutes_nov11_1400_bankruptcy_sol_heavy","real_crypto_window_sweep","","41603","20","2","119.9993666666669","8.667337410947429","8.667337410947429","4","0","[0, 1, 2, 3]","0","False","6","0.2","95.99949333333353","37499","4104","3503.2479437465317","-0.8536179200162114","single_regime_static_marked_hawkes_loglik_from_static_gates","","","","","","78785.09769959183","","","","",""
"B2_modular_hmm_hawkes","binance_vision","ftx_k20_q99_minutes_nov11_1400_bankruptcy_sol_heavy","real_crypto_window_sweep","","41603","20","2","119.9993666666669","8.667337410947429","8.667337410947429","4","0","[0, 1, 2, 3]","0","False","6","0.2","95.99949333333353","37499","4104","-1058.3211453294607","0.25787552274109665","modular_hmm_interval_count_loglik_segmentation_stage","","","","","","","0.7286589964757346","549.6388888888889","1476.0","0.8918918918918919","0.6428571428571429"
"B3_static_svd","binance_vision","ftx_k20_q99_minutes_nov11_1400_bankruptcy_sol_heavy","real_crypto_window_sweep","","41603","20","2","119.9993666666669","8.667337410947429","8.667337410947429","4","0","[0, 1, 2, 3]","0","False","6","0.2","95.99949333333353","37499","4104","-10882.220712257451","2.6516132339808602","single_regime_full_matrix_marked_hawkes_loglik_before_svd_selection","","","","","","","","","","",""
"Proposed","binance_vision","ftx_k20_q99_minutes_nov11_1400_bankruptcy_sol_heavy","real_crypto_window_sweep","","41603","20","2","119.9993666666669","8.667337410947429","8.667337410947429","4","0","[0, 1, 2, 3]","0","False","6","0.2","95.99949333333353","37499","4104","3725.0584298232707","-0.9076653094111283","latent_ctmc_marginal_interval_loglik","","","","","","81191.06770165928","0.28401860564038084",,,,
"B1_static_gates","binance_vision","ftx_k20_q99_minutes_nov11_1400_bankruptcy_sol_heavy","real_crypto_window_sweep","","41603","20","2","119.9993666666669","8.667337410947429","8.667337410947429","4","0","[0, 1, 2, 3]","0","False","7","0.2","95.99949333333353","37499","4104","3560.577423997756","-0.8675870916173869","single_regime_static_marked_hawkes_loglik_from_static_gates","","","","","","78760.61573304713","","","","",""
"B2_modular_hmm_hawkes","binance_vision","ftx_k20_q99_minutes_nov11_1400_bankruptcy_sol_heavy","real_crypto_window_sweep","","41603","20","2","119.9993666666669","8.667337410947429","8.667337410947429","4","0","[0, 1, 2, 3]","0","False","7","0.2","95.99949333333353","37499","4104","-1058.3211453294607","0.25787552274109665","modular_hmm_interval_count_loglik_segmentation_stage","","","","","","","0.7286589964757346","549.6388888888889","1476.0","0.8918918918918919","0.6428571428571429"
"B3_static_svd","binance_vision","ftx_k20_q99_minutes_nov11_1400_bankruptcy_sol_heavy","real_crypto_window_sweep","","41603","20","2","119.9993666666669","8.667337410947429","8.667337410947429","4","0","[0, 1, 2, 3]","0","False","7","0.2","95.99949333333353","37499","4104","-10882.220712257451","2.6516132339808602","single_regime_full_matrix_marked_hawkes_loglik_before_svd_selection","","","","","","","","","","",""
"Proposed","binance_vision","ftx_k20_q99_minutes_nov11_1400_bankruptcy_sol_heavy","real_crypto_window_sweep","","41603","20","2","119.9993666666669","8.667337410947429","8.667337410947429","4","0","[0, 1, 2, 3]","0","False","7","0.2","95.99949333333353","37499","4104","3767.37377518123","-0.9179760660772978","latent_ctmc_marginal_interval_loglik","","","","","","81252.68444616193","0.27908393043865415",,,,
